State,District,Year,Arhar/Tur,,,Banana,,,Castor seed,,,Cotton(lint),,,Cowpea(Lobia),,,Dry chillies,,,Ginger,,,Groundnut,,,Jowar,,,Maize,,,Moong(Green Gram),,,Onion,,,Rice,,,Sesamum,,,Soyabean,,,Sugarcane,,,Turmeric,,,Urad,,,Bajra,,,Small millets,,,Tobacco,,,Coriander,,,Garlic,,,Gram,,,Wheat,,,Cashewnut,,,Ragi,,,Horse-gram,,,Sweet potato,,,Safflower,,,Sunflower,,,Potato,,
,,,Kharif,,,Kharif,,,Kharif,,,Kharif,,,Kharif,,,Kharif,,,Kharif,,,Kharif,,,Kharif,,,Kharif,,,Kharif,,,Kharif,,,Kharif,,,Kharif,,,Kharif,,,Kharif,,,Kharif,,,Kharif,,,Kharif,,,Kharif,,,Kharif,,,Kharif,,,Kharif,,,Kharif,,,Kharif,,,Kharif,,,Kharif,,,Kharif,,,Kharif,,,Kharif,,,Kharif,,,Kharif,,
,,,Area (Hectare),Production (Tonnes),Yield (Tonne/Hectare),Area (Hectare),Production (Tonnes),Yield (Tonne/Hectare),Area (Hectare),Production (Tonnes),Yield (Tonne/Hectare),Area (Hectare),Production (Bales),Yield (Bales/Hectare),Area (Hectare),Production (Tonnes),Yield (Tonne/Hectare),Area (Hectare),Production (Tonnes),Yield (Tonne/Hectare),Area (Hectare),Production (Tonnes),Yield (Tonne/Hectare),Area (Hectare),Production (Tonnes),Yield (Tonne/Hectare),Area (Hectare),Production (Tonnes),Yield (Tonne/Hectare),Area (Hectare),Production (Tonnes),Yield (Tonne/Hectare),Area (Hectare),Production (Tonnes),Yield (Tonne/Hectare),Area (Hectare),Production (Tonnes),Yield (Tonne/Hectare),Area (Hectare),Production (Tonnes),Yield (Tonne/Hectare),Area (Hectare),Production (Tonnes),Yield (Tonne/Hectare),Area (Hectare),Production (Tonnes),Yield (Tonne/Hectare),Area (Hectare),Production (Tonnes),Yield (Tonne/Hectare),Area (Hectare),Production (Tonnes),Yield (Tonne/Hectare),Area (Hectare),Production (Tonnes),Yield (Tonne/Hectare),Area (Hectare),Production (Tonnes),Yield (Tonne/Hectare),Area (Hectare),Production (Tonnes),Yield (Tonne/Hectare),Area (Hectare),Production (Tonnes),Yield (Tonne/Hectare),Area (Hectare),Production (Tonnes),Yield (Tonne/Hectare),Area (Hectare),Production (Tonnes),Yield (Tonne/Hectare),Area (Hectare),Production (Tonnes),Yield (Tonne/Hectare),Area (Hectare),Production (Tonnes),Yield (Tonne/Hectare),Area (Hectare),Production (Tonnes),Yield (Tonne/Hectare),Area (Hectare),Production (Tonnes),Yield (Tonne/Hectare),Area (Hectare),Production (Tonnes),Yield (Tonne/Hectare),Area (Hectare),Production (Tonnes),Yield (Tonne/Hectare),Area (Hectare),Production (Tonnes),Yield (Tonne/Hectare),Area (Hectare),Production (Tonnes),Yield (Tonne/Hectare),Area (Hectare),Production (Tonnes),Yield (Tonne/Hectare)
1. Telangana,1. Adilabad,2018 - 2019,"23,984.00","31,923.00",1.33,11,677,61.55,23,18,0.78,"1,42,447.00","3,62,821.00",2.55,97,77,0.79,28,120,4.29,2,14,7,8,20,2.5,"2,783.00","2,001.00",0.72,469,"1,456.00",3.1,"1,253.00","1,031.00",0.82,1,13,13,385,"1,222.00",3.17,30,5,0.17,"26,451.00","41,369.00",1.56,8,664,83,229,"1,489.00",6.5,"1,524.00","1,399.00",0.92,,,,,,,,,,,,,,,,,,,,,,,,,,,,,,,,,,,,,,,,,,
,,2019 - 2020,"23,803.00","29,585.00",1.24,17,"1,005.00",59.12,7,9,1.29,"1,40,332.00","6,64,975.00",4.74,17,21,1.24,39,209,5.36,3,20,6.67,,,,"1,571.00","1,643.00",1.05,218,"1,055.00",4.84,765,499,0.65,1,22,22,508,"1,846.00",3.63,2,,0,"37,263.00","67,218.00",1.8,5,470,94,169,"1,178.00",6.97,804,478,0.59,28,34,1.21,43,74,1.72,12,36,3,,,,,,,,,,,,,,,,,,,,,,,,,,,,,,,,,
,,2020 - 2021,"25,002.00","22,671.00",0.91,17,793,46.65,5,2,0.4,"1,71,507.00","4,58,698.00",2.67,12,8,0.67,12,78,6.5,1,9,9,6,10,1.67,"1,538.00","1,277.00",0.83,27,124,4.59,415,193,0.47,,,,884,"2,607.00",2.95,28,3,0.11,"31,687.00","42,675.00",1.35,4,392,98,60,468,7.8,378,110,0.29,,,,,,,1,3,3,,,,,,,,,,,,,,,,,,,,,,,,,,,,,,,,,
,,2021 - 2022,"24,482.00","24,286.00",0.99,17,580,34.12,4,2,0.5,"1,56,685.00","4,01,848.00",2.56,14,12,0.86,70,196,2.8,1,9,9,1,2,2,"1,804.00",744,0.41,415,"1,896.00",4.57,471,189,0.4,3,48,16,804,"2,650.00",3.3,37,8,0.22,"41,146.00","73,900.00",1.8,10,"1,040.00",104,76,559,7.36,478,235,0.49,,,,,,,,,,1,1,1,1,4,4,,,,,,,,,,,,,,,,,,,,,,,,,,,
,,2022 - 2023,"30,725.00","30,633.00",1,17,717,42.18,6,4,0.67,"1,50,384.00","4,76,806.00",3.17,8,6,0.75,72,269,3.74,1,9,9,2,5,2.5,"1,199.00",504,0.42,"1,002.00","4,563.00",4.55,365,209,0.57,,,,671,"2,347.00",3.5,,,,"54,555.00","86,361.00",1.58,9,855,95,53,398,7.51,572,349,0.61,,,,,,,,,,1,0,0,,,,4,6,1.5,21,43,2.05,,,,,,,,,,,,,,,,,,,,,
,2. Bhadradri,2018 - 2019,799,"1,008.00",1.26,351,"20,440.00",58.23,,,,"48,246.00","1,17,209.00",2.43,11,9,0.82,"3,220.00","18,206.00",5.65,,,,334,836,2.5,,,,"6,182.00","15,523.00",2.51,128,81,0.63,,,,"46,593.00","1,53,058.00",3.28,27,5,0.19,2,3,1.5,717,"57,003.00",79.5,67,436,6.51,29,25,0.86,,,,,,,,,,,,,,,,,,,,,,"1,408.00",346,0.25,,,,,,,,,,,,,,,,,,
,,2019 - 2020,554,286,0.52,358,"16,890.00",47.18,,,,"48,548.00","1,65,831.00",3.42,6,4,0.67,"3,356.00","17,304.00",5.16,,,,329,902,2.74,6,7,1.17,"7,730.00","40,467.00",5.24,77,61,0.79,,,,"57,972.00","2,12,583.00",3.67,39,6,0.15,,,,458,"38,793.00",84.7,47,328,6.98,25,23,0.92,,,,2,3,1.5,,,,,,,,,,,,,,,,"1,399.00",428,0.31,,,,,,,,,,,,,,,,,,
,,2020 - 2021,"2,486.00","1,782.00",0.72,437,"12,136.00",27.77,,,,"52,424.00","1,60,794.00",3.07,29,20,0.69,"3,898.00","32,537.00",8.35,,,,315,498,1.58,8,6,0.75,"2,943.00","11,159.00",3.79,210,87,0.41,,,,"63,935.00","2,02,065.00",3.16,105,10,0.1,,,,551,"48,328.00",87.71,39,304,7.79,214,158,0.74,,,,,,,,,,,,,,,,,,,,,,"1,280.00",398,0.31,,,,,,,,,,,,,,,,,,
,,2021 - 2022,"4,661.00","4,978.00",1.07,759,"25,882.00",34.1,,,,"64,971.00","2,48,048.00",3.82,191,162,0.85,"10,882.00","42,287.00",3.89,,,,"1,255.00","2,928.00",2.33,18,12,0.67,"27,097.00","1,31,443.00",4.85,88,9,0.1,1,16,16,"70,799.00","2,25,479.00",3.18,91,20,0.22,,,,687,"69,904.00",101.75,22,162,7.36,610,484,0.79,,,,1,1,1,1,3,3,,,,,,,,,,,,,"5,477.00","3,407.00",0.62,4,6,1.5,,,,,,,,,,,,,,,
,,2022 - 2023,"2,852.00","2,564.00",0.9,759,"20,302.00",26.75,,,,"68,275.00","2,36,954.00",3.47,26,31,1.19,"7,790.00","37,197.00",4.77,1,9,9,551,"1,564.00",2.84,10,7,0.7,"22,252.00","1,07,388.00",4.83,80,25,0.31,,,,"66,484.00","2,30,699.00",3.47,26,13,0.5,,,,826,"79,923.00",96.76,13,98,7.54,142,294,2.07,,,,,,,,,,,,,,,,,,,,,,"4,481.00",968,0.22,,,,,,,,,,,,,,,,,,
,3. Jagitial,2018 - 2019,"2,067.00","3,408.00",1.65,26,"1,601.00",61.58,,,,"8,291.00","23,215.00",2.8,4,3,0.75,880,"1,847.00",2.1,,,,,,,,,,"23,980.00","1,52,345.00",6.35,"1,066.00",583,0.55,18,235,13.06,"58,567.00","2,48,968.00",4.25,,,,"1,352.00","1,901.00",1.41,414,"33,078.00",79.9,"13,483.00","1,08,120.00",8.02,,,,,,,,,,,,,,,,,,,,,,,,,,,,,,,,,,,,,,,,,,,,,
,,2019 - 2020,"1,637.00","1,129.00",0.69,36,"2,128.00",59.11,,,,"11,291.00","38,405.00",3.4,4,3,0.75,"1,052.00","1,559.00",1.48,,,,,,,,,,"20,921.00","1,22,263.00",5.84,922,573,0.62,18,402,22.33,"92,491.00","4,12,140.00",4.46,,,,686,"1,140.00",1.66,210,"16,878.00",80.37,"13,918.00","1,20,961.00",8.69,,,,,,,,,,,,,,,,,,,,,,,,,,,,,,,,,,,,,,,,,,,,,
,,2020 - 2021,"5,154.00","5,069.00",0.98,22,"1,027.00",46.68,,,,"11,946.00","39,593.00",3.31,10,7,0.7,919,"2,358.00",2.57,,,,,,,2,2,1,"12,573.00","82,488.00",6.56,688,594,0.86,,,,"1,14,178.00","3,61,696.00",3.17,,,,"2,412.00","3,852.00",1.6,373,"33,134.00",88.83,"8,617.00","1,14,055.00",13.24,,,,,,,,,,,,,,,,,,,,,,,,,,,,,,,,,,,,,,,,,,,,,
,,2021 - 2022,"4,335.00","4,300.00",0.99,23,784,34.09,,,,"8,598.00","25,238.00",2.94,9,8,0.89,989,"2,028.00",2.05,2,19,9.5,5,11,2.2,4,3,0.75,"22,271.00","1,33,415.00",5.99,188,101,0.54,,,,"1,18,515.00","4,18,121.00",3.53,,,,741,"1,420.00",1.92,585,"59,816.00",102.25,"8,698.00","89,998.00",10.35,4,3,0.75,,,,,,,,,,,,,,,,,,,,,,,,,,,,1,1,1,1,12,12,,,,,,,,,
,,2022 - 2023,"1,636.00","1,083.00",0.66,23,970,42.17,1,1,1,"8,645.00","25,376.00",2.94,1,1,1,403,851,2.11,,,,,,,,,,"18,869.00","1,21,120.00",6.42,52,21,0.4,,,,"1,22,197.00","4,41,253.00",3.61,,,,862,"1,381.00",1.6,"1,087.00","1,18,968.00",109.45,"5,943.00","57,481.00",9.67,1,1,1,,,,,,,,,,,,,,,,,,,,,,,,,,,,,,,,,,,,,,,,,,
,4. Jangoan,2018 - 2019,"4,210.00","3,284.00",0.78,2,123,61.5,3,2,0.67,"64,566.00","1,41,286.00",2.19,8,6,0.75,472,"3,677.00",7.79,,,,153,383,2.5,4,4,1,"8,497.00","48,535.00",5.71,641,333,0.52,,,,"22,506.00","69,814.00",3.1,110,25,0.23,,,,,,,52,338,6.5,16,14,0.88,,,,,,,128,669,5.23,,,,,,,,,,,,,,,,,,,,,,,,,,,,,,,,,
,,2019 - 2020,"5,624.00","5,197.00",0.92,,,,10,13,1.3,"68,824.00","1,98,078.00",2.88,19,13,0.68,304,"1,281.00",4.21,15,99,6.6,156,427,2.74,61,72,1.18,"6,627.00","36,434.00",5.5,728,653,0.9,3,67,22.33,"30,645.00","97,972.00",3.2,1,,0,,,,,,,36,251,6.97,15,14,0.93,,,,7,12,1.71,395,"1,181.00",2.99,1,1,1,,,,,,,,,,,,,3,5,1.67,5,4,0.8,,,,,,,,,,,,
,,2020 - 2021,"11,236.00","6,053.00",0.54,2,93,46.5,33,12,0.36,"74,215.00","1,86,625.00",2.51,44,30,0.68,593,"1,511.00",2.55,13,116,8.92,358,566,1.58,40,32,0.8,147,741,5.04,"1,085.00",35,0.03,1,13,13,"60,403.00","1,68,957.00",2.8,96,9,0.09,8,12,1.5,,,,34,265,7.79,12,10,0.83,1,1,1,3,2,0.67,82,296,3.61,2,2,1,,,,,,,,,,,,,,,,59,95,1.61,5,45,9,,,,,,,,,
,,2021 - 2022,"8,039.00","3,296.00",0.41,5,171,34.2,15,8,0.53,"59,252.00","1,37,325.00",2.32,11,9,0.82,965,"3,578.00",3.71,8,33,4.13,151,266,1.76,9,6,0.67,"2,333.00","10,510.00",4.5,529,293,0.55,4,64,16,"77,381.00","2,48,238.00",3.21,43,10,0.23,8,14,1.75,4,400,100,8,59,7.38,8,6,0.75,,,,,,,126,382,3.03,1,1,1,,,,,,,,,,,,,,,,19,10,0.53,1,12,12,2,2,1,,,,,,
,,2022 - 2023,"2,711.00","1,252.00",0.46,5,211,42.2,4,3,0.75,"60,282.00","1,87,229.00",3.11,4,3,0.75,426,"1,077.00",2.53,,,,74,158,2.14,21,14,0.67,"1,637.00","8,182.00",5,487,239,0.49,1,11,11,"86,366.00","2,50,720.00",2.9,5,2,0.4,6,10,1.67,3,285,95,1,8,8,22,15,0.68,,,,,,,1,2,2,,,,,,,2,2,1,2,4,2,1,0,0,,,,4,3,0.75,,,,1,1,1,13,24,1.85,,,
,5. Jayashankar,2018 - 2019,10,6,0.6,41,"2,524.00",61.56,,,,"52,864.00","1,54,549.00",2.92,,,,"6,957.00","28,524.00",4.1,,,,4,10,2.5,,,,569,"3,869.00",6.8,105,66,0.63,,,,"27,081.00","98,737.00",3.65,,,,,,,,,,706,"4,590.00",6.5,12,10,0.83,,,,,,,,,,,,,,,,,,,,,,,,,,,,,,,,,,,,,,,,,,
,,2019 - 2020,29,26,0.9,57,"3,369.00",59.11,,,,"52,386.00","1,85,795.00",3.55,,,,"7,680.00","31,012.00",4.04,,,,6,16,2.67,,,,"1,126.00","5,459.00",4.85,185,146,0.79,,,,"33,296.00","1,06,814.00",3.21,,,,,,,,,,594,"4,142.00",6.97,2,2,1,,,,10,17,1.7,,,,,,,,,,,,,,,,,,,7,11,1.57,,,,,,,,,,,,,,,
,,2020 - 2021,156,120,0.77,81,"3,780.00",46.67,,,,"50,028.00","1,37,441.00",2.75,83,57,0.69,"7,466.00","68,811.00",9.22,,,,80,126,1.58,,,,35,165,4.71,152,63,0.41,,,,"40,704.00","1,10,448.00",2.71,39,4,0.1,2,3,1.5,,,,437,"3,407.00",7.8,11,8,0.73,,,,,,,,,,,,,,,,,,,,,,,,,,,,5,9,1.8,,,,,,,1,3,3,,,
,,2021 - 2022,107,82,0.77,52,"1,773.00",34.1,,,,"36,304.00","1,08,698.00",2.99,120,72,0.6,"12,325.00","41,396.00",3.36,,,,14,30,2.14,,,,137,624,4.55,101,78,0.77,,,,"43,300.00","1,27,259.00",2.94,4,1,0.25,5,9,1.8,,,,412,"3,029.00",7.35,20,16,0.8,,,,,,,1,3,3,,,,,,,6,8,1.33,,,,,,,,,,,,,,,,,,,,,,,,
,,2022 - 2023,9,8,0.89,52,"2,194.00",42.19,1,1,1,"40,889.00","1,64,037.00",4.01,81,60,0.74,"6,554.00","27,350.00",4.17,,,,6,14,2.33,11,7,0.64,85,387,4.55,15,13,0.87,,,,"44,401.00","1,44,436.00",3.25,,,,1,2,2,,,,181,"1,361.00",7.52,,,,1,1,1,,,,,,,,,,,,,,,,,,,,,,4,6,1.5,,,,,,,,,,,,,,,
,6. Jogulamba,2018 - 2019,"16,336.00","4,835.00",0.3,20,"1,231.00",61.55,"3,043.00","2,337.00",0.77,"59,265.00","1,16,787.00",1.97,,,,"9,290.00","32,264.00",3.47,,,,"6,006.00","13,333.00",2.22,95,88,0.93,"8,151.00","22,048.00",2.7,,,,"3,251.00","42,942.00",13.21,"21,127.00","54,233.00",2.57,,,,,,,"1,959.00","1,56,693.00",79.99,,,,10,8,0.8,322,162,0.5,30,26,0.87,"1,020.00","2,744.00",2.69,,,,,,,,,,,,,,,,,,,23,15,0.65,,,,,,,,,,,,
,,2019 - 2020,"16,164.00","10,465.00",0.65,,,,"2,228.00","2,747.00",1.23,"76,386.00","2,34,280.00",3.07,,,,"7,341.00","40,207.00",5.48,,,,"5,983.00","14,887.00",2.49,342,405,1.18,"7,051.00","34,753.00",4.93,,,,"1,475.00","30,544.00",20.71,"27,604.00","87,891.00",3.18,1,,0,,,,353,"27,021.00",76.55,,,,38,36,0.95,301,452,1.5,190,285,1.5,755,"2,374.00",3.14,,,,,,,,,,,,,,,,2,3,1.5,3,3,1,,,,,,,19,42,2.21,,,
,,2020 - 2021,"15,153.00","9,437.00",0.62,,,,"1,122.00",483,0.43,"89,474.00","2,27,603.00",2.54,33,23,0.7,"9,935.00","32,560.00",3.28,,,,"6,765.00","9,190.00",1.36,187,152,0.81,"1,366.00","3,335.00",2.44,30,13,0.43,"1,404.00","17,068.00",12.16,"32,754.00","93,483.00",2.85,2,0,0,5,8,1.6,504,"45,612.00",90.5,,,,190,142,0.75,299,295,0.99,53,21,0.4,174,221,1.27,,,,,,,,,,,,,,,,,,,44,71,1.61,,,,,,,29,78,2.69,,,
,,2021 - 2022,"11,211.00","5,741.00",0.51,3,102,34,406,211,0.52,"77,408.00","2,02,622.00",2.62,12,10,0.83,"13,969.00","52,454.00",3.76,,,,"4,380.00","9,043.00",2.06,84,56,0.67,"4,110.00","21,561.00",5.25,3,2,0.67,"1,759.00","22,323.00",12.69,"38,920.00","98,893.00",2.54,,,,5,9,1.8,626,"64,492.00",103.02,,,,191,151,0.79,160,225,1.41,36,26,0.72,384,553,1.44,,,,,,,,,,,,,,,,3,5,1.67,41,29,0.71,,,,,,,36,49,1.36,,,
,,2022 - 2023,"6,014.00","5,268.00",0.88,3,127,42.33,500,451,0.9,"95,408.00","2,01,479.00",2.11,1,1,1,"14,868.00","47,697.00",3.21,,,,"2,269.00","4,967.00",2.19,61,41,0.67,"4,372.00","18,104.00",4.14,9,6,0.67,"1,429.00","11,633.00",8.14,"35,692.00","1,21,353.00",3.4,4,1,0.25,33,53,1.61,870,"83,195.00",95.63,,,,40,30,0.75,157,133,0.85,26,27,1.04,42,94,2.24,,,,,,,,,,,,,,,,,,,18,16,0.89,,,,,,,35,65,1.86,,,
,7. Kamareddy,2018 - 2019,"8,167.00","11,140.00",1.36,21,"1,293.00",61.57,,,,"18,253.00","66,355.00",3.64,,,,27,116,4.3,,,,,,,257,239,0.93,"23,142.00","1,42,786.00",6.17,"4,697.00","5,185.00",1.1,,,,"54,663.00","2,32,427.00",4.25,,,,"36,911.00","61,420.00",1.66,"6,171.00","5,31,248.00",86.09,45,293,6.51,"4,385.00","5,073.00",1.16,,,,,,,,,,,,,,,,,,,,,,,,,,,,,,,,,,,,,,,,,,
,,2019 - 2020,"7,192.00","9,419.00",1.31,24,"1,419.00",59.13,,,,"19,206.00","61,975.00",3.23,38,27,0.71,1,5,5,,,,,,,157,186,1.18,"35,689.00","2,18,888.00",6.13,"5,814.00","5,866.00",1.01,11,245,22.27,"84,732.00","3,82,141.00",4.51,3,,0,"36,373.00","74,243.00",2.04,"4,883.00","4,21,603.00",86.34,79,551,6.97,"2,358.00","2,622.00",1.11,,,,3,5,1.67,,,,,,,,,,,,,,,,,,,1,2,2,,,,,,,,,,,,,,,
,,2020 - 2021,"9,964.00","10,730.00",1.08,11,513,46.64,22,9,0.41,"23,672.00","45,420.00",1.92,168,61,0.36,6,44,7.33,3,27,9,16,26,1.63,119,96,0.81,"13,499.00","70,529.00",5.22,"6,299.00","5,603.00",0.89,30,398,13.27,"1,00,303.00","3,30,633.00",3.3,8,1,0.13,"34,600.00","52,154.00",1.51,"3,359.00","2,84,658.00",84.74,51,398,7.8,"4,270.00","3,695.00",0.87,6,5,0.83,1,1,1,,,,,,,,,,,,,,,,,,,11,15,1.36,,,,,,,,,,,,,,,
,,2021 - 2022,"7,626.00","6,688.00",0.88,8,273,34.13,19,10,0.53,"11,168.00","31,927.00",2.86,43,13,0.3,5,14,2.8,5,47,9.4,12,26,2.17,19,13,0.68,"37,304.00","2,07,559.00",5.56,"4,375.00","2,502.00",0.57,25,402,16.08,"1,13,744.00","4,32,227.00",3.8,14,3,0.21,"28,785.00","51,727.00",1.8,"3,957.00","3,70,929.00",93.74,29,213,7.34,"4,187.00","2,500.00",0.6,,,,,,,1,3,3,1,1,1,,,,,,,,,,2,1,0.5,1,2,2,1,1,1,,,,,,,11,15,1.36,,,
,,2022 - 2023,"5,136.00","5,506.00",1.07,8,337,42.13,1,1,1,"11,974.00","40,219.00",3.36,8,6,0.75,3,11,3.67,2,18,9,,,,20,14,0.7,"30,149.00","1,33,228.00",4.42,"2,560.00","2,025.00",0.79,4,43,10.75,"1,22,025.00","5,23,487.00",4.29,1,0,0,"36,290.00","49,572.00",1.37,"5,243.00","4,85,325.00",92.57,10,75,7.5,"1,497.00","1,066.00",0.71,,,,1,1,1,4,9,2.25,,,,,,,,,,,,,,,,,,,,,,,,,,,,,,,,,
,8. Karimnagar,2018 - 2019,"1,188.00",769,0.65,8,493,61.63,,,,"42,918.00","93,915.00",2.19,,,,158,678,4.29,,,,23,58,2.52,,,,"10,831.00","61,379.00",5.67,425,267,0.63,,,,"54,612.00","2,07,034.00",3.79,,,,8,13,1.63,,,,224,"1,456.00",6.5,43,36,0.84,,,,,,,2,10,5,,,,,,,,,,,,,,,,,,,,,,,,,,,,,,,,,
,,2019 - 2020,976,945,0.97,23,"1,359.00",59.09,,,,"36,762.00","1,11,148.00",3.02,3,2,0.67,321,"1,721.00",5.36,,,,5,13,2.6,1,1,1,"11,004.00","68,605.00",6.23,391,308,0.79,1,22,22,"79,406.00","2,67,201.00",3.36,1,,0,,,,,,,255,"1,778.00",6.97,8,8,1,,,,10,17,1.7,149,442,2.97,,,,,,,,,,,,,,,,,,,,,,,,,,,,,,,,,
,,2020 - 2021,"2,378.00","1,868.00",0.79,19,887,46.68,11,4,0.36,"30,345.00","93,077.00",3.07,57,39,0.68,290,"1,751.00",6.04,4,36,9,94,148,1.57,18,14,0.78,"1,745.00","7,996.00",4.58,460,190,0.41,3,40,13.33,"1,02,368.00","3,08,096.00",3.01,10,1,0.1,,,,,,,108,842,7.8,1,1,1,1,1,1,2,1,0.5,17,63,3.71,,,,,,,,,,,,,,,,,,,4,7,1.75,1,9,9,,,,1,4,4,,,
,,2021 - 2022,"1,121.00","1,068.00",0.95,26,887,34.12,1,1,1,"19,168.00","60,658.00",3.16,21,18,0.86,622,"2,222.00",3.57,1,9,9,120,258,2.15,2,1,0.5,"2,446.00","12,455.00",5.09,114,48,0.42,3,48,16,"1,10,458.00","3,44,739.00",3.12,2,0,0,1,2,2,,,,66,485,7.35,,,,,,,,,,35,106,3.03,,,,,,,,,,,,,,,,,,,3,2,0.67,3,35,11.67,,,,,,,,,
,,2022 - 2023,442,245,0.55,26,"1,097.00",42.19,,,,"20,928.00","75,341.00",3.6,13,9,0.69,299,"1,156.00",3.87,,,,24,58,2.42,1,1,1,"1,743.00","8,072.00",4.63,50,25,0.5,,,,"1,10,266.00","3,59,357.00",3.26,,,,3,5,1.67,,,,22,165,7.5,4,3,0.75,,,,,,,,,,,,,,,,,,,,,,,,,,,,,,,3,22,7.33,,,,2,4,2,,,
,9. Khammam,2018 - 2019,"1,500.00","1,226.00",0.82,41,"2,524.00",61.56,,,,"97,134.00","2,17,694.00",2.24,,,,"23,410.00","1,02,910.00",4.4,,,,83,208,2.51,2,2,1,"3,281.00","17,593.00",5.36,"7,976.00","2,808.00",0.35,,,,"82,437.00","2,95,619.00",3.59,,,,,,,"4,159.00","3,37,357.00",81.11,87,566,6.51,73,62,0.85,,,,,,,,,,,,,,,,,,,,,,76,19,0.25,,,,,,,,,,,,,,,,,,
,,2019 - 2020,672,35,0.05,27,"1,596.00",59.11,,,,"1,00,370.00","3,51,605.00",3.5,6,4,0.67,"20,460.00","1,47,578.00",7.21,,,,50,137,2.74,12,14,1.17,"4,475.00","24,474.00",5.47,"7,091.00","5,176.00",0.73,,,,"92,196.00","3,35,225.00",3.64,5,1,0.2,,,,"2,255.00","1,28,167.00",56.84,36,251,6.97,16,15,0.94,,,,9,15,1.67,,,,,,,,,,,,,,,,76,23,0.3,2,3,1.5,,,,,,,,,,,,,,,
,,2020 - 2021,"1,931.00","2,120.00",1.1,100,"4,667.00",46.67,2,1,0.5,"1,02,772.00","2,24,077.00",2.18,7,5,0.71,"21,512.00","1,70,893.00",7.94,9,80,8.89,63,100,1.59,8,6,0.75,270,"1,416.00",5.24,"9,906.00",661,0.07,,,,"1,13,361.00","3,45,938.00",3.05,22,2,0.09,2,3,1.5,"3,139.00","3,53,455.00",112.6,50,390,7.8,110,82,0.75,,,,4,2,0.5,,,,,,,1,0,0,,,,,,,160,50,0.31,,,,2,3,1.5,,,,,,,,,,,,
,,2021 - 2022,"1,004.00",915,0.91,138,"4,706.00",34.1,,,,"78,817.00","2,22,545.00",2.82,7,6,0.86,"41,692.00","1,01,728.00",2.44,4,38,9.5,79,170,2.15,12,8,0.67,"1,179.00","5,690.00",4.83,"7,226.00","2,500.00",0.35,2,32,16,"1,19,611.00","3,47,590.00",2.91,21,5,0.24,2,3,1.5,"3,231.00","3,33,335.00",103.17,65,478,7.35,111,88,0.79,1,1,1,,,,7,21,3,,,,,,,5,7,1.4,,,,204,134,0.66,,,,,,,,,,,,,,,,,,
,,2022 - 2023,400,390,0.98,138,"5,821.00",42.18,,,,"94,628.00","2,81,101.00",2.97,8,6,0.75,"28,085.00","1,00,039.00",3.56,1,9,9,54,130,2.41,10,7,0.7,"1,202.00","5,964.00",4.96,"4,186.00","2,700.00",0.65,2,21,10.5,"1,17,343.00","4,11,639.00",3.51,3,1,0.33,5,8,1.6,"5,213.00","4,80,067.00",92.09,24,180,7.5,83,58,0.7,,,,,,,2,4,2,,,,,,,,,,,,,180,115,0.64,,,,,,,2,15,7.5,,,,,,,,,
,10. Komaram bheem asifabad,2018 - 2019,"11,759.00","12,241.00",1.04,11,677,61.55,18,14,0.78,"91,992.00","2,16,452.00",2.35,78,62,0.79,46,198,4.3,,,,24,60,2.5,"1,760.00","1,888.00",1.07,"1,013.00","4,701.00",4.64,"1,155.00",817,0.71,49,641,13.08,"11,774.00","24,619.00",2.09,55,9,0.16,"1,201.00","1,403.00",1.17,,,,21,137,6.52,283,239,0.84,,,,,,,,,,2,2,1,,,,,,,,,,4,1,0.25,17,17,1,,,,,,,,,,,,,,,
,,2019 - 2020,"10,853.00","14,857.00",1.37,18,"1,064.00",59.11,55,72,1.31,"1,24,884.00","4,08,435.00",3.27,18,13,0.72,13,70,5.38,,,,23,62,2.7,"1,679.00","1,348.00",0.8,477,"1,565.00",3.28,"1,285.00","1,027.00",0.8,3,67,22.33,"24,201.00","67,787.00",2.8,9,1,0.11,"1,544.00","1,839.00",1.19,,,,32,223,6.97,416,390,0.94,1,1,1,15,26,1.73,,,,,,,,,,,,,,,,16,5,0.31,14,22,1.57,,,,1,16,16,,,,,,,,,
,,2020 - 2021,"15,806.00","17,848.00",1.13,12,560,46.67,5,2,0.4,"1,24,040.00","3,66,010.00",2.95,34,23,0.68,24,144,6,,,,2,3,1.5,931,862,0.93,182,257,1.41,"1,061.00",255,0.24,1,13,13,"22,336.00","61,431.00",2.75,22,2,0.09,659,822,1.25,1,98,98,21,164,7.81,143,108,0.76,1,2,2,,,,,,,,,,,,,,,,,,,11,3,0.27,,,,1,2,2,,,,,,,,,,,,
,,2021 - 2022,"16,456.00","16,688.00",1.01,12,409,34.08,,,,"1,26,410.00","3,42,794.00",2.71,23,19,0.83,102,288,2.82,,,,38,82,2.16,654,125,0.19,263,"1,203.00",4.57,718,362,0.5,,,,"21,936.00","53,963.00",2.46,8,2,0.25,"1,407.00","1,676.00",1.19,2,208,104,22,162,7.36,143,51,0.36,,,,1,1,1,,,,,,,,,,,,,,,,8,5,0.63,,,,2,1,0.5,,,,,,,,,,,,
,,2022 - 2023,"15,875.00","16,304.00",1.03,12,506,42.17,,,,"1,29,158.00","4,09,507.00",3.17,26,19,0.73,179,669,3.74,,,,6,14,2.33,529,35,0.07,365,"1,662.00",4.55,646,344,0.53,,,,"23,794.00","66,528.00",2.8,3,1,0.33,"3,906.00","4,754.00",1.22,3,285,95,11,83,7.55,219,106,0.48,183,155,0.85,568,597,1.05,,,,,,,,,,,,,,,,11,3,0.27,105,162,1.54,2,1,0.5,,,,,,,,,,,,
,11. Mahabubabad,2018 - 2019,"1,608.00",883,0.55,4,246,61.5,,,,"36,495.00","91,882.00",2.52,,,,"11,728.00","44,824.00",3.82,,,,129,323,2.5,,,,"12,961.00","44,482.00",3.43,"8,876.00","4,527.00",0.51,6,78,13,"39,461.00","1,23,355.00",3.13,27,5,0.19,25,40,1.6,19,"1,523.00",80.16,"4,447.00","28,910.00",6.5,52,44,0.85,,,,,,,,,,,,,,,,,,,,,,,,,,,,,,,,,,,,,,,,,,
,,2019 - 2020,"1,459.00","1,006.00",0.69,8,473,59.13,,,,"40,779.00","90,689.00",2.22,,,,"13,679.00","52,842.00",3.86,,,,168,461,2.74,1,1,1,"10,003.00","56,849.00",5.68,"4,034.00","3,663.00",0.91,9,201,22.33,"46,834.00","1,57,409.00",3.36,26,4,0.15,6,11,1.83,7,617,88.14,"3,381.00","21,479.00",6.35,42,39,0.93,,,,,,,,,,,,,,,,,,,,,,,,,,,,,,,,,,,,,,,,,,
,,2020 - 2021,"2,592.00","1,884.00",0.73,1,47,47,,,,"44,774.00","1,01,528.00",2.27,3,2,0.67,"16,900.00","65,859.00",3.9,2,18,9,94,149,1.59,31,25,0.81,"3,869.00","14,694.00",3.8,"3,243.00",256,0.08,11,146,13.27,"63,742.00","1,75,312.00",2.75,53,5,0.09,3,5,1.67,4,392,98,"3,242.00","16,641.00",5.13,12,10,0.83,,,,,,,,,,,,,,,,,,,,,,,,,,,,,,,,,,,,,,,,,,
,,2021 - 2022,"1,975.00","1,185.00",0.6,3,102,34,,,,"29,491.00","80,490.00",2.73,12,10,0.83,"33,297.00","68,758.00",2.06,1,9,9,101,175,1.73,12,8,0.67,"22,020.00","83,019.00",3.77,"1,434.00",640,0.45,,,,"86,666.00","2,43,531.00",2.81,29,6,0.21,,,,11,"1,128.00",102.55,"1,782.00","9,580.00",5.38,12,10,0.83,,,,,,,,,,,,,,,,,,,,,,,,,5,8,1.6,,,,12,138,11.5,,,,2,3,1.5,,,
,,2022 - 2023,"1,147.00",523,0.46,3,127,42.33,2,1,0.5,"39,058.00","1,18,093.00",3.02,22,16,0.73,"22,705.00","84,077.00",3.7,,,,37,83,2.24,10,7,0.7,"22,030.00","90,720.00",4.12,"1,185.00",571,0.48,,,,"85,844.00","2,89,981.00",3.38,9,3,0.33,,,,8,760,95,465,"2,307.00",4.96,9,6,0.67,,,,,,,5,6,1.2,,,,,,,,,,,,,,,,,,,,,,3,22,7.33,,,,,,,,,
,12. Mahbubnagar,2018 - 2019,"17,171.00","8,276.00",0.48,,,,"4,189.00","3,037.00",0.72,"35,870.00","46,209.00",1.29,,,,148,636,4.3,,,,,,,"9,056.00","9,536.00",1.05,"34,550.00","41,529.00",1.2,61,33,0.54,67,877,13.09,"11,792.00","28,749.00",2.44,281,43,0.15,,,,193,"15,563.00",80.64,,,,,,,,,,8,8,1,,,,,,,,,,,,,,,,,,,593,621,1.05,4,3,0.75,,,,,,,,,,,,
,,2019 - 2020,"19,371.00","11,583.00",0.6,,,,"8,138.00","6,820.00",0.84,"39,210.00","1,24,818.00",3.18,24,17,0.71,89,477,5.36,,,,21,58,2.76,"20,182.00","20,162.00",1,"25,131.00","78,058.00",3.11,100,79,0.79,52,"1,160.00",22.31,"13,972.00","48,385.00",3.46,118,14,0.12,2,4,2,126,"10,588.00",84.03,,,,31,29,0.94,9,11,1.22,98,168,1.71,,,,,,,,,,,,,,,,,,,910,"1,459.00",1.6,253,220,0.87,,,,,,,,,,,,
,,2020 - 2021,"28,945.00","17,025.00",0.59,,,,"2,364.00","1,028.00",0.43,"52,415.00","1,04,378.00",1.99,26,18,0.69,58,346,5.97,,,,42,69,1.64,"10,570.00","6,894.00",0.65,"2,142.00","5,299.00",2.47,119,50,0.42,31,411,13.26,"46,227.00","1,39,363.00",3.01,134,13,0.1,1,1,1,118,"10,790.00",91.44,,,,6,5,0.83,17,16,0.94,23,13,0.57,,,,,,,,,,,,,,,,,,,411,552,1.34,200,324,1.62,,,,,,,,,,,,
,,2021 - 2022,"10,868.00","6,021.00",0.55,,,,494,200,0.4,"32,557.00","86,372.00",2.65,14,12,0.86,186,520,2.8,,,,81,174,2.15,"4,662.00","3,445.00",0.74,"14,455.00","42,801.00",2.96,46,28,0.61,26,418,16.08,"68,867.00","2,31,600.00",3.36,65,4,0.06,5,9,1.8,192,"19,576.00",101.96,,,,14,11,0.79,5,6,1.2,5,4,0.8,,,,,,,,,,,,,,,,,,,100,140,1.4,79,67,0.85,,,,5,5,1,4,5,1.25,,,
,,2022 - 2023,"4,840.00","3,940.00",0.81,,,,407,148,0.36,"42,574.00","1,10,192.00",2.59,20,15,0.75,191,279,1.46,,,,18,43,2.39,"5,706.00","3,526.00",0.62,"11,678.00","38,000.00",3.25,85,57,0.67,2,21,10.5,"76,436.00","2,57,360.00",3.37,45,1,0.02,,,,349,"31,769.00",91.03,1,8,8,20,14,0.7,,,,,,,,,,,,,,,,,,,,,,,,,65,64,0.98,27,17,0.63,1,7,7,1,1,1,,,,,,
,13. Mancherial,2018 - 2019,"1,827.00","1,447.00",0.79,,,,,,,"60,229.00","1,96,630.00",3.26,5,4,0.8,486,"1,747.00",3.59,,,,,,,10,9,0.9,493,"1,937.00",3.93,262,165,0.63,1,13,13,"39,549.00","1,27,625.00",3.23,5,1,0.2,63,100,1.59,,,,41,267,6.51,79,67,0.85,,,,,,,,,,,,,,,,,,,,,,4,1,0.25,,,,,,,,,,,,,,,,,,
,,2019 - 2020,"1,413.00",971,0.69,,,,,,,"73,114.00","2,10,425.00",2.88,2,1,0.5,391,"1,748.00",4.47,,,,,,,18,21,1.17,228,"1,104.00",4.84,91,72,0.79,2,45,22.5,"65,137.00","1,74,176.00",2.67,1,,0,4,7,1.75,,,,54,377,6.98,11,10,0.91,,,,3,5,1.67,,,,,,,,,,,,,,,,6,2,0.33,,,,,,,,,,,,,,,,,,
,,2020 - 2021,"2,466.00","2,445.00",0.99,,,,5,2,0.4,"76,116.00","1,82,557.00",2.4,2,1,0.5,348,"3,965.00",11.39,,,,33,52,1.58,41,33,0.8,113,525,4.65,327,136,0.42,,,,"66,224.00","1,60,706.00",2.43,67,6,0.09,6,9,1.5,,,,63,491,7.79,16,12,0.75,,,,,,,,,,,,,,,,,,,,,,24,7,0.29,,,,3,5,1.67,,,,,,,,,,,,
,,2021 - 2022,"1,901.00","1,473.00",0.77,,,,,,,"64,935.00","1,59,659.00",2.46,13,11,0.85,573,"2,634.00",4.6,,,,1,2,2,1,1,1,251,"1,144.00",4.56,75,31,0.41,,,,"65,811.00","1,69,068.00",2.57,25,6,0.24,15,26,1.73,2,208,104,52,382,7.35,9,7,0.78,,,,,,,,,,,,,,,,,,,,,,31,12,0.39,,,,1,1,1,,,,,,,,,,,,
,,2022 - 2023,"1,095.00",922,0.84,,,,,,,"67,599.00","1,79,734.00",2.66,4,3,0.75,390,"2,420.00",6.21,,,,,,,1,1,1,93,424,4.56,22,10,0.45,,,,"63,784.00","1,94,350.00",3.05,3,1,0.33,16,26,1.63,,,,27,203,7.52,3,2,0.67,,,,,,,,,,,,,,,,,,,,,,31,28,0.9,,,,,,,,,,,,,,,,,,
,14. Medak,2018 - 2019,"1,693.00",874,0.52,6,369,61.5,12,9,0.75,"13,991.00","34,566.00",2.47,14,11,0.79,11,47,4.27,,,,16,40,2.5,261,243,0.93,"13,678.00","36,479.00",2.67,"1,304.00",558,0.43,304,"3,977.00",13.08,"31,269.00","1,08,722.00",3.48,1,,0,16,23,1.44,"1,179.00","97,464.00",82.67,2,13,6.5,421,223,0.53,2,1,0.5,,,,,,,,,,,,,,,,,,,,,,,,,,,,,,,,,,,,,,,
,,2019 - 2020,"1,358.00","1,728.00",1.27,4,236,59,80,105,1.31,"29,698.00","89,789.00",3.02,5,4,0.8,2,11,5.5,,,,1,2,2,723,856,1.18,"13,309.00","57,189.00",4.3,"2,880.00","1,319.00",0.46,233,"5,199.00",22.31,"48,432.00","2,12,181.00",4.38,2,,0,351,633,1.8,574,"55,507.00",96.7,,,,576,369,0.64,19,23,1.21,66,113,1.71,,,,2,2,1,,,,,,,,,,,,,25,40,1.6,3,3,1,,,,,,,,,,,,
,,2020 - 2021,"6,977.00","4,189.00",0.6,3,140,46.67,158,57,0.36,"34,628.00","89,099.00",2.57,40,28,0.7,10,58,5.8,3,27,9,30,49,1.63,435,355,0.82,"1,456.00","5,474.00",3.76,"2,439.00",591,0.24,,,,"78,867.00","2,02,291.00",2.56,16,2,0.13,355,534,1.5,498,"31,838.00",63.93,1,8,8,557,217,0.39,11,11,1,6,3,0.5,,,,,,,,,,,,,,,,,,,11,15,1.36,7,11,1.57,,,,,,,,,,,,
,,2021 - 2022,"2,421.00","1,600.00",0.66,19,648,34.11,20,11,0.55,"21,548.00","53,743.00",2.49,7,6,0.86,10,28,2.8,2,19,9.5,9,19,2.11,207,137,0.66,"4,135.00","11,557.00",2.79,"1,277.00",553,0.43,20,322,16.1,"1,03,929.00","3,89,526.00",3.75,4,1,0.25,30,51,1.7,348,"26,630.00",76.52,2,15,7.5,350,230,0.66,8,10,1.25,1,1,1,,,,,,,,,,,,,2,4,2,1,1,1,1,2,2,2,1,0.5,,,,,,,,,,1,13,13
,,2022 - 2023,889,530,0.6,19,801,42.16,9,6,0.67,"17,917.00","48,060.00",2.68,2,1,0.5,6,22,3.67,,,,7,17,2.43,73,50,0.68,"2,136.00","5,338.00",2.5,627,331,0.53,5,54,10.8,"1,19,309.00","4,35,359.00",3.65,,,,30,48,1.6,521,"46,909.00",90.04,1,8,8,257,138,0.54,4,3,0.75,1,1,1,,,,,,,,,,3,3,1,,,,1,0,0,,,,1,1,1,,,,,,,3,6,2,,,
,15. Medchal,2018 - 2019,117,76,0.65,3,185,61.67,5,4,0.8,110,235,2.14,,,,,,,,,,,,,24,22,0.92,825,"2,044.00",2.48,,,,,,,"4,032.00","16,757.00",4.16,,,,,,,,,,,,,,,,,,,,,,,,,,,,,,,,,,,,,,,,,,,,,,,,,,,,,,,,,
,,2019 - 2020,122,110,0.9,8,473,59.13,4,5,1.25,174,559,3.21,,,,,,,,,,,,,124,147,1.19,"1,204.00","4,902.00",4.07,8,6,0.75,,,,"5,139.00","20,191.00",3.93,1,,0,5,9,1.8,2,188,94,,,,,,,,,,,,,,,,,,,,,,,,,,,,,,,1,2,2,4,3,0.75,,,,,,,,,,,,
,,2020 - 2021,877,680,0.78,10,467,46.7,6,2,0.33,401,985,2.46,,,,,,,,,,,,,131,106,0.81,215,757,3.52,15,6,0.4,,,,"6,475.00","18,700.00",2.89,6,1,0.17,,,,,,,,,,,,,3,3,1,8,5,0.63,,,,,,,,,,,,,,,,,,,3,4,1.33,11,18,1.64,1,9,9,,,,,,,,,
,,2021 - 2022,214,165,0.77,15,512,34.13,,,,108,274,2.54,4,3,0.75,,,,,,,6,13,2.17,45,30,0.67,163,743,4.56,3,2,0.67,,,,"7,457.00","27,255.00",3.65,5,1,0.2,2,3,1.5,,,,1,7,7,4,3,0.75,5,6,1.2,,,,,,,,,,,,,,,,1,2,2,1,1,1,,,,4,3,0.75,,,,,,,2,3,1.5,,,
,,2022 - 2023,62,55,0.89,15,633,42.2,,,,82,239,2.91,1,1,1,,,,,,,,,,19,13,0.68,159,210,1.32,,,,,,,"7,384.00","29,514.00",4,,,,,,,,,,,,,3,2,0.67,1,1,1,,,,,,,,,,,,,,,,,,,1,0,0,,,,,,,,,,1,1,1,1,2,2,,,
,16. Mulugu,2018 - 2019,13,8,0.62,118,"7,266.00",61.58,,,,"12,068.00","5,998.00",0.5,,,,"4,040.00","16,564.00",4.1,,,,2,5,2.5,,,,"1,629.00","11,077.00",6.8,51,32,0.63,,,,"35,880.00","1,30,818.00",3.65,,,,,,,,,,156,"1,014.00",6.5,,,,,,,,,,,,,,,,,,,,,,,,,13,3,0.23,,,,,,,,,,,,,,,,,,
,,2019 - 2020,39,891,22.85,164,"9,693.00",59.1,,,,"11,604.00","42,844.00",3.69,,,,"4,027.00","20,485.00",5.09,,,,18,49,2.72,,,,"1,479.00","9,753.00",6.59,39,31,0.79,,,,"38,066.00","1,30,186.00",3.42,,,,,,,,,,155,"1,081.00",6.97,,,,,,,,,,,,,,,,,,,,,,,,,10,3,0.3,,,,,,,,,,,,,,,,,,
,,2020 - 2021,47,37,0.79,177,"8,261.00",46.67,,,,"10,684.00","20,035.00",1.88,,,,"2,964.00","17,441.00",5.88,,,,11,18,1.64,,,,69,318,4.61,19,8,0.42,,,,"40,794.00","1,13,410.00",2.78,2,0,0,,,,,,,105,819,7.8,13,10,0.77,,,,,,,,,,,,,,,,,,,,,,9,3,0.33,,,,,,,,,,,,,,,,,,
,,2021 - 2022,16,12,0.75,226,"8,311.00",36.77,,,,"9,415.00","31,180.00",3.31,60,51,0.85,"3,839.00","10,638.00",2.77,1,9,9,5,11,2.2,5,3,0.6,768,"3,674.00",4.78,15,9,0.6,,,,"44,793.00","1,34,065.00",2.99,2,0,0,,,,,,,48,353,7.35,7,6,0.86,,,,,,,,,,,,,,,,,,,,,,3,2,0.67,4,6,1.5,,,,,,,,,,,,,,,
,,2022 - 2023,11,10,0.91,226,"7,877.00",34.85,,,,"11,162.00","32,370.00",2.9,,,,352,"1,120.00",3.18,,,,,,,,,,394,"1,230.00",3.12,1,1,1,,,,"40,505.00","1,22,285.00",3.02,,,,,,,,,,20,150,7.5,2,1,0.5,,,,,,,,,,,,,,,,,,,,,,6,1,0.17,,,,,,,,,,,,,,,,,,
,17. Nagarkurnool,2018 - 2019,"7,694.00","2,778.00",0.36,3,185,61.67,664,306,0.46,"1,19,059.00","1,05,752.00",0.89,,,,761,"3,268.00",4.29,,,,409,614,1.5,"1,903.00","1,290.00",0.68,"58,462.00","37,474.00",0.64,37,23,0.62,15,196,13.07,"15,792.00","37,538.00",2.38,,,,,,,104,"8,368.00",80.46,,,,13,11,0.85,5,1,0.2,58,63,1.09,,,,,,,,,,,,,,,,,,,235,187,0.8,,,,,,,,,,,,,,,
,,2019 - 2020,"7,904.00","5,742.00",0.73,15,887,59.13,"1,341.00","2,592.00",1.93,"1,42,192.00","4,77,438.00",3.36,1,1,1,702,"3,763.00",5.36,,,,229,572,2.5,"5,038.00","6,559.00",1.3,"33,607.00","86,119.00",2.56,44,35,0.8,2,45,22.5,"24,324.00","80,975.00",3.33,58,9,0.16,,,,11,"1,034.00",94,,,,10,9,0.9,91,111,1.22,116,238,2.05,,,,,,,,,,,,,,,,,,,174,256,1.47,9,8,0.89,,,,,,,3,7,2.33,,,
,,2020 - 2021,"11,559.00","5,685.00",0.49,24,"1,120.00",46.67,689,157,0.23,"1,84,648.00","4,37,486.00",2.37,3,2,0.67,"1,039.00","4,304.00",4.14,,,,"1,094.00","1,587.00",1.45,"3,960.00","3,728.00",0.94,"5,394.00","16,091.00",2.98,90,37,0.41,29,385,13.28,"39,868.00","1,06,779.00",2.68,80,8,0.1,,,,76,"7,142.00",93.97,1,8,8,468,349,0.75,69,63,0.91,78,53,0.68,,,,,,,,,,,,,,,,,,,105,137,1.3,36,57,1.58,,,,,,,5,11,2.2,1,12,12
,,2021 - 2022,"3,135.00","1,568.00",0.5,35,"1,194.00",34.11,80,47,0.59,"1,42,692.00","2,94,615.00",2.06,,,,"1,972.00","11,909.00",6.04,,,,704,"1,601.00",2.27,757,601,0.79,"20,537.00","54,893.00",2.67,21,13,0.62,58,932,16.07,"51,528.00","1,59,737.00",3.1,32,7,0.22,,,,74,"7,576.00",102.38,1,7,7,810,"1,349.00",1.67,4,5,1.25,4,3,0.75,,,,,,,,,,2,3,1.5,1,2,2,,,,16,28,1.75,19,13,0.68,1,12,12,,,,3,4,1.33,,,
,,2022 - 2023,"1,469.00","1,378.00",0.94,35,"1,476.00",42.17,67,20,0.3,"1,41,458.00","3,27,850.00",2.32,1,1,1,"2,534.00","11,302.00",4.46,,,,154,339,2.2,"1,049.00",778,0.74,"14,906.00","66,034.00",4.43,15,10,0.67,14,150,10.71,"49,811.00","1,64,476.00",3.3,7,1,0.14,5,8,1.6,102,"8,964.00",87.88,2,15,7.5,36,47,1.31,16,14,0.88,6,6,1,,,,,,,,,,,,,1,2,2,,,,20,32,1.6,8,5,0.63,,,,,,,,,,,,
,18. Nalgonda,2018 - 2019,"6,396.00","2,117.00",0.33,,,,4,3,0.75,"2,28,833.00","3,97,093.00",1.74,,,,"1,506.00","5,211.00",3.46,,,,268,671,2.5,48,45,0.94,14,43,3.07,464,112,0.24,,,,"93,564.00","2,90,703.00",3.11,,,,,,,278,"21,934.00",78.9,,,,,,,8,4,0.5,,,,,,,,,,,,,,,,,,,,,,,,,,,,,,,,,,,,,,,
,,2019 - 2020,"5,635.00","4,525.00",0.8,,,,116,152,1.31,"2,73,699.00","7,16,107.00",2.62,,,,"1,070.00","7,839.00",7.33,,,,436,"1,197.00",2.75,294,348,1.18,31,151,4.87,211,62,0.29,,,,"1,29,052.00","4,45,100.00",3.45,,,,,,,131,"10,854.00",82.85,,,,,,,84,102,1.21,16,27,1.69,,,,,,,,,,,,,,,,,,,3,5,1.67,,,,,,,,,,,,,,,
,,2020 - 2021,"7,543.00","5,947.00",0.79,,,,4,1,0.25,"2,84,524.00","6,24,494.00",2.19,,,,808,"5,749.00",7.12,,,,123,196,1.59,224,182,0.81,11,49,4.45,301,124,0.41,,,,"1,59,756.00","5,35,295.00",3.35,2,0,0,2,3,1.5,61,"5,078.00",83.25,,,,12,10,0.83,46,42,0.91,10,6,0.6,9,32,3.56,,,,,,,,,,,,,6,2,0.33,,,,27,44,1.63,,,,,,,,,,,,
,,2021 - 2022,"4,375.00","2,581.00",0.59,11,375,34.09,4,2,0.5,"2,64,573.00","6,03,849.00",2.28,4,3,0.75,"1,498.00","7,056.00",4.71,,,,184,337,1.83,75,50,0.67,68,310,4.56,131,38,0.29,6,96,16,"1,86,997.00","6,43,083.00",3.44,4,1,0.25,21,36,1.71,76,"7,688.00",101.16,,,,3,2,0.67,10,12,1.2,6,4,0.67,,,,,,,,,,,,,,,,10,6,0.6,1,2,2,22,15,0.68,,,,,,,,,,,,
,,2022 - 2023,"1,561.00",932,0.6,11,464,42.18,3,2,0.67,"2,76,238.00","5,89,849.00",2.14,,,,"1,054.00","5,180.00",4.91,,,,27,39,1.44,78,53,0.68,25,114,4.56,44,39,0.89,,,,"2,04,092.00","6,84,116.00",3.35,,,,,,,179,"17,005.00",95,1,8,8,30,21,0.7,9,8,0.89,,,,,,,,,,,,,1,2,2,,,,11,3,0.27,1,2,2,3,2,0.67,,,,,,,,,,,,
,19. Narayanapet,2018 - 2019,"58,591.00","28,241.00",0.48,8,493,61.63,"6,744.00","4,889.00",0.72,"41,972.00","9,192.00",0.22,55,24,0.44,53,228,4.3,,,,280,701,2.5,"4,941.00","5,203.00",1.05,"1,124.00","1,351.00",1.2,"3,871.00","2,098.00",0.54,,,,"19,629.00","47,856.00",2.44,102,16,0.16,,,,271,"21,857.00",80.65,,,,345,292,0.85,,,,,,,,,,,,,,,,,,,,,,,,,17,18,1.06,67,42,0.63,,,,,,,123,241,1.96,,,
,,2019 - 2020,"61,132.00","57,402.00",0.94,3,177,59,"7,745.00","12,338.00",1.59,"63,734.00","2,06,590.00",3.24,16,11,0.69,9,48,5.33,,,,117,320,2.74,"5,012.00","5,483.00",1.09,380,"1,841.00",4.84,"1,561.00",617,0.4,11,245,22.27,"33,896.00","1,07,416.00",3.17,77,15,0.19,,,,141,"11,892.00",84.34,,,,26,24,0.92,3,4,1.33,34,58,1.71,,,,,,,,,,,,,,,,,,,33,52,1.58,10,9,0.9,,,,,,,20,45,2.25,,,
,,2020 - 2021,"55,727.00","46,818.00",0.84,6,280,46.67,"1,683.00",665,0.4,"73,177.00","1,44,659.00",1.98,47,32,0.68,27,166,6.15,,,,45,73,1.62,"3,150.00","2,148.00",0.68,1,6,6,"1,856.00","1,091.00",0.59,20,265,13.25,"39,674.00","1,25,579.00",3.17,49,5,0.1,,,,282,"25,368.00",89.96,,,,97,73,0.75,3,3,1,17,10,0.59,,,,,,,,,,,,,,,,,,,29,38,1.31,10,17,1.7,,,,,,,13,34,2.62,,,
,,2021 - 2022,"45,112.00","34,646.00",0.77,9,307,34.11,606,380,0.63,"67,073.00","1,88,593.00",2.81,100,85,0.85,102,285,2.79,,,,127,273,2.15,"2,130.00","1,947.00",0.91,162,738,4.56,"1,243.00",474,0.38,56,900,16.07,"54,320.00","1,73,009.00",3.18,28,8,0.29,2,3,1.5,486,"49,924.00",102.72,,,,138,100,0.72,2,2,1,3,2,0.67,,,,,,,,,,,,,,,,,,,13,21,1.62,9,6,0.67,,,,,,,21,29,1.38,,,
,,2022 - 2023,"24,033.00","18,674.00",0.78,9,380,42.22,517,389,0.75,"87,985.00","2,00,813.00",2.28,59,54,0.92,96,359,3.74,,,,61,146,2.39,"1,519.00","1,516.00",1,106,483,4.56,"1,288.00",774,0.6,13,139,10.69,"64,317.00","2,15,398.00",3.35,67,37,0.55,,,,"1,120.00","1,01,406.00",90.54,,,,112,78,0.7,1,1,1,,,,,,,,,,,,,1,1,1,,,,1,0,0,3,2,0.67,11,7,0.64,,,,1,1,1,8,15,1.88,,,
,20. Nirmal,2018 - 2019,"8,300.00","8,790.00",1.06,32,"1,970.00",61.56,,,,"57,216.00","1,50,781.00",2.64,43,34,0.79,236,834,3.53,,,,,,,31,29,0.94,"7,781.00","47,542.00",6.11,"1,060.00",788,0.74,86,"1,125.00",13.08,"26,224.00","84,913.00",3.24,,,,"31,906.00","43,360.00",1.36,,,,"8,120.00","54,981.00",6.77,"4,372.00","3,428.00",0.78,,,,,,,,,,,,,,,,,,,,,,,,,,,,,,,,,,,,,,,,,,
,,2019 - 2020,"8,844.00","11,057.00",1.25,20,"1,182.00",59.1,,,,"55,585.00","1,64,016.00",2.95,,,,78,183,2.35,,,,,,,28,33,1.18,"13,355.00","1,09,365.00",8.19,922,744,0.81,15,335,22.33,"38,778.00","1,41,501.00",3.65,,,,"44,268.00","72,304.00",1.63,,,,"10,481.00","68,525.00",6.54,"2,012.00","2,181.00",1.08,,,,6,10,1.67,,,,,,,,,,,,,1,,0,,,,3,5,1.67,,,,,,,,,,,,,,,
,,2020 - 2021,"8,344.00","10,245.00",1.23,16,747,46.69,3,1,0.33,"62,799.00","1,86,220.00",2.97,,,,107,622,5.81,5,45,9,1,1,1,42,34,0.81,"3,565.00","23,868.00",6.7,462,97,0.21,10,133,13.3,"43,066.00","1,22,913.00",2.85,,,,"31,314.00","42,558.00",1.36,2,196,98,"6,273.00","42,757.00",6.82,"1,803.00","1,699.00",0.94,,,,1,1,1,,,,1,1,1,,,,,,,,,,,,,,,,5,8,1.6,,,,,,,1,3,3,,,
,,2021 - 2022,"7,033.00","5,858.00",0.83,22,750,34.09,4,2,0.5,"65,559.00","1,31,502.00",2.01,1,1,1,88,422,4.8,1,9,9,4,9,2.25,28,19,0.68,"9,512.00","59,970.00",6.3,99,52,0.53,12,193,16.08,"47,691.00","1,52,373.00",3.2,2,0,0,"33,195.00","47,205.00",1.42,,,,"5,535.00","40,317.00",7.28,"1,279.00",884,0.69,,,,,,,1,4,4,,,,,,,,,,,,,,,,,,,,,,,,,,,,,,,,,
,,2022 - 2023,"4,280.00","4,828.00",1.13,22,928,42.18,,,,"57,672.00","1,99,817.00",3.46,2,1,0.5,75,280,3.73,1,9,9,1,2,2,16,11,0.69,"11,270.00","52,924.00",4.7,70,30,0.43,,,,"50,933.00","1,65,023.00",3.24,,,,"46,987.00","85,939.00",1.83,,,,"4,773.00","35,144.00",7.36,242,113,0.47,,,,,,,,,,,,,,,,1,2,2,,,,,,,,,,,,,,,,,,,,,,,,
,21. Nizamabad,2018 - 2019,"1,673.00","1,527.00",0.91,58,"3,571.00",61.57,,,,"1,295.00","3,725.00",2.88,,,,94,404,4.3,,,,52,130,2.5,,,,"20,788.00","1,18,512.00",5.7,364,229,0.63,27,353,13.07,"1,01,266.00","4,25,722.00",4.2,,,,"33,306.00","60,983.00",1.83,446,"35,992.00",80.7,"14,580.00","87,495.00",6,463,391,0.84,,,,,,,,,,5,5,1,,,,,,,,,,,,,,,,,,,,,,,,,,,,,,
,,2019 - 2020,966,"1,472.00",1.52,64,"3,783.00",59.11,,,,"1,487.00","6,116.00",4.11,6,4,0.67,20,107,5.35,,,,80,219,2.74,6,7,1.17,"22,237.00","1,42,598.00",6.41,110,87,0.79,44,982,22.32,"1,43,238.00","5,94,581.00",4.15,,,,"27,186.00","57,573.00",2.12,229,"20,164.00",88.05,"16,162.00","95,711.00",5.92,179,168,0.94,4,5,1.25,2,3,1.5,,,,2,2,1,,,,,,,,,,,,,,,,,,,,,,,,,,,,,,
,,2020 - 2021,"1,621.00","2,345.00",1.45,73,"3,407.00",46.67,,,,"1,409.00","2,948.00",2.09,11,8,0.73,15,88,5.87,,,,75,118,1.57,6,5,0.83,"8,598.00","47,385.00",5.51,186,77,0.41,30,398,13.27,"1,55,850.00","5,53,790.00",3.55,,,,"30,373.00","59,673.00",1.96,376,"32,474.00",86.37,"13,906.00","87,928.00",6.32,296,222,0.75,14,13,0.93,2,1,0.5,,,,,,,,,,,,,,,,,,,,,,,,,,,,,,,,,,,,
,,2021 - 2022,904,667,0.74,64,"2,182.00",34.09,1,1,1,853,"2,293.00",2.69,9,8,0.89,20,56,2.8,1,9,9,167,359,2.15,2,1,0.5,"13,960.00","89,972.00",6.44,77,26,0.34,39,627,16.08,"1,59,166.00","6,02,284.00",3.78,,,,"23,624.00","53,416.00",2.26,561,"57,588.00",102.65,"12,646.00","71,715.00",5.67,120,59,0.49,1,1,1,,,,2,7,3.5,,,,,,,,,,,,,,,,,,,,,,,,,,,,,,,,,
,,2022 - 2023,304,419,1.38,64,"2,700.00",42.19,1,1,1,829,"2,277.00",2.75,10,7,0.7,6,22,3.67,,,,97,232,2.39,3,2,0.67,"15,183.00","89,595.00",5.9,43,19,0.44,25,268,10.72,"1,69,235.00","6,76,094.00",4,,,,"23,796.00","43,904.00",1.85,663,"59,322.00",89.48,"8,868.00","53,784.00",6.06,26,1,0.04,4,3,0.75,,,,4,9,2.25,,,,,,,,,,,,,,,,,,,,,,,,,,,,,,,,,
,22. Peddapalli,2018 - 2019,151,98,0.65,38,"2,340.00",61.58,,,,"35,027.00","1,10,850.00",3.16,25,20,0.8,407,"1,748.00",4.29,,,,,,,,,,"1,624.00","10,740.00",6.61,58,36,0.62,1,13,13,"57,805.00","2,31,104.00",4,,,,,,,,,,428,"2,783.00",6.5,3,3,1,,,,,,,,,,,,,,,,,,,,,,,,,,,,,,,,,,,,,,,,,,
,,2019 - 2020,264,238,0.9,12,709,59.08,,,,"31,142.00","93,704.00",3.01,14,10,0.71,316,"1,694.00",5.36,,,,1,2,2,11,13,1.18,"1,717.00","14,216.00",8.28,220,173,0.79,,,,"77,960.00","2,98,821.00",3.83,1,,0,,,,,,,602,"4,198.00",6.97,,,,,,,10,17,1.7,,,,,,,,,,,,,,,,,,,3,5,1.67,,,,,,,,,,,,,,,
,,2020 - 2021,531,412,0.78,26,"1,213.00",46.65,,,,"30,854.00","90,147.00",2.92,14,10,0.71,375,"2,017.00",5.38,4,36,9,2,4,2,3,2,0.67,255,"1,242.00",4.87,88,36,0.41,1,13,13,"82,999.00","2,35,440.00",2.84,10,1,0.1,,,,,,,403,"3,142.00",7.8,5,4,0.8,,,,,,,,,,,,,,,,,,,,,,,,,,,,2,4,2,,,,,,,,,,,,
,,2021 - 2022,465,358,0.77,21,716,34.1,,,,"25,610.00","80,737.00",3.15,11,9,0.82,496,899,1.81,3,28,9.33,8,17,2.13,,,,719,"3,419.00",4.76,5,2,0.4,,,,"85,426.00","2,53,971.00",2.97,10,2,0.2,4,7,1.75,,,,250,"1,838.00",7.35,2,2,1,,,,,,,,,,,,,,,,,,,,,,,,,,,,1,1,1,,,,,,,,,,,,
,,2022 - 2023,328,270,0.82,21,886,42.19,2,1,0.5,"27,134.00","1,04,386.00",3.85,1,1,1,306,"1,077.00",3.52,,,,9,22,2.44,,,,375,"2,277.00",6.07,14,9,0.64,,,,"86,696.00","3,01,789.00",3.48,1,0,0,5,8,1.6,,,,106,797,7.52,,,,,,,,,,,,,,,,,,,,,,,,,,,,1,2,2,,,,,,,,,,,,,,,
,23. Rajanna,2018 - 2019,684,443,0.65,,,,,,,"51,270.00","1,38,127.00",2.69,1,1,1,52,223,4.29,,,,,,,,,,988,"5,091.00",5.15,217,136,0.63,6,78,13,"22,978.00","85,019.00",3.7,,,,,,,39,"3,147.00",80.69,38,247,6.5,3,3,1,,,,,,,,,,,,,,,,,,,,,,,,,,,,,,,,,,,,,,,,,,
,,2019 - 2020,"1,470.00","1,326.00",0.9,,,,13,17,1.31,"50,178.00","2,45,796.00",4.9,10,7,0.7,6,32,5.33,,,,,,,3,4,1.33,"1,594.00","11,199.00",7.03,350,276,0.79,1,22,22,"40,746.00","1,76,878.00",4.34,,,,5,9,1.8,30,"2,820.00",94,34,237,6.97,1,1,1,1,1,1,,,,,,,,,,,,,,,,,,,,,,1,2,2,,,,,,,,,,,,,,,
,,2020 - 2021,"4,258.00","3,303.00",0.78,,,,128,46,0.36,"39,943.00","1,50,956.00",3.78,64,44,0.69,35,207,5.91,1,9,9,3,5,1.67,28,23,0.82,349,"1,888.00",5.41,516,215,0.42,1,13,13,"60,223.00","1,80,359.00",2.99,,,,16,24,1.5,65,"5,830.00",89.69,24,187,7.79,15,10,0.67,,,,,,,,,,1,1,1,,,,,,,,,,,,,1,2,2,7,12,1.71,,,,,,,,,,,,
,,2021 - 2022,"2,028.00","1,943.00",0.96,1,34,34,17,9,0.53,"25,557.00","79,675.00",3.12,14,12,0.86,71,198,2.79,1,9,9,9,19,2.11,5,3,0.6,"1,012.00","4,622.00",4.57,145,107,0.74,2,32,16,"70,135.00","2,52,346.00",3.6,2,0,0,,,,89,"9,188.00",103.24,9,66,7.33,4,3,0.75,,,,,,,,,,,,,,,,,,,,,,,,,,,,,,,,,,1,1,1,,,,,,
,,2022 - 2023,839,639,0.76,1,42,42,4,3,0.75,"23,297.00","90,447.00",3.88,10,7,0.7,87,325,3.74,,,,3,7,2.33,1,1,1,619,"3,473.00",5.61,49,34,0.69,,,,"71,799.00","2,56,251.00",3.57,,,,1,2,2,170,"15,534.00",91.38,12,90,7.5,2,1,0.5,,,,,,,,,,,,,,,,,,,,,,,,,,,,4,3,0.75,,,,,,,,,,,,
,24. Rangareddi,2018 - 2019,"5,296.00","1,764.00",0.33,2,123,61.5,393,187,0.48,"71,395.00","88,194.00",1.24,,,,19,82,4.32,,,,,,,"4,112.00","2,920.00",0.71,"47,687.00","34,001.00",0.71,91,57,0.63,109,"1,426.00",13.08,"13,475.00","41,651.00",3.09,,,,13,21,1.62,32,"2,656.00",83,12,78,6.5,9,8,0.89,55,27,0.49,,,,,,,,,,,,,,,,,,,,,,22,21,0.95,45,29,0.64,6,38,6.33,,,,,,,,,
,,2019 - 2020,"7,256.00","4,769.00",0.66,4,236,59,157,61,0.39,"86,994.00","2,36,465.00",2.72,4,3,0.75,13,70,5.38,,,,1,2,2,"10,858.00","16,265.00",1.5,"43,348.00","1,44,071.00",3.32,140,110,0.79,11,245,22.27,"14,396.00","47,507.00",3.3,23,3,0.13,,,,8,609,76.13,4,28,7,17,16,0.94,113,137,1.21,37,63,1.7,,,,28,26,0.93,,,,,,,,,,,,,69,109,1.58,105,91,0.87,,,,1,,0,3,7,2.33,,,
,,2020 - 2021,"28,076.00","20,882.00",0.74,13,607,46.69,134,18,0.13,"1,09,313.00","2,19,271.00",2.01,24,17,0.71,50,309,6.18,15,134,8.93,25,40,1.6,"11,502.00","9,777.00",0.85,"11,121.00","36,086.00",3.24,187,78,0.42,26,345,13.27,"28,847.00","87,688.00",3.04,75,7,0.09,20,32,1.6,12,"1,176.00",98,7,55,7.86,67,51,0.76,69,64,0.93,30,16,0.53,,,,6,6,1,2,0,0,5,9,1.8,,,,,,,114,151,1.32,401,650,1.62,7,62,8.86,7,9,1.29,7,22,3.14,2,24,12
,,2021 - 2022,"14,395.00","6,348.00",0.44,16,546,34.13,9,0,0,"53,256.00","1,21,236.00",2.28,12,10,0.83,205,573,2.8,5,99,19.8,92,198,2.15,"1,714.00","1,076.00",0.63,"30,025.00","1,07,580.00",3.58,47,21,0.45,61,981,16.08,"52,784.00","1,79,202.00",3.4,30,7,0.23,34,59,1.74,17,"1,768.00",104,8,59,7.38,17,13,0.76,14,17,1.21,4,3,0.75,,,,11,7,0.64,,,,6,7,1.17,1,2,2,,,,25,53,2.12,124,76,0.61,14,143,10.21,5,8,1.6,6,8,1.33,1,24,24
,,2022 - 2023,"5,760.00","3,491.00",0.61,16,675,42.19,19,13,0.68,"57,827.00","1,28,580.00",2.22,6,4,0.67,186,695,3.74,,,,22,53,2.41,"2,070.00","1,167.00",0.56,"29,022.00","1,00,619.00",3.47,28,19,0.68,12,128,10.67,"50,786.00","1,80,747.00",3.56,4,1,0.25,39,63,1.62,28,"2,660.00",95,3,23,7.67,26,18,0.69,10,8,0.8,,,,,,,2,1,0.5,,,,1,1,1,,,,,,,15,14,0.93,32,17,0.53,6,67,11.17,10,10,1,6,11,1.83,,,
,25. Sangareddy,2018 - 2019,"22,293.00","9,987.00",0.45,250,"11,496.00",45.98,20,15,0.75,"99,543.00","1,89,132.00",1.9,,,,104,447,4.3,"1,601.00","11,069.00",6.91,3,8,2.67,"4,165.00","2,849.00",0.68,"13,338.00","42,041.00",3.15,"13,017.00","9,685.00",0.74,160,"1,231.00",7.69,"18,058.00","54,716.00",3.03,48,8,0.17,"16,178.00","22,811.00",1.41,"18,095.00","13,89,556.00",76.79,850,"1,442.00",1.7,"9,227.00","6,164.00",0.67,125,62,0.5,,,,,,,,,,,,,,,,,,,4,1,0.25,,,,,,,,,,,,,,,,,,
,,2019 - 2020,"19,845.00","16,771.00",0.85,259,"16,251.00",62.75,2,3,1.5,"1,40,009.00","4,49,762.00",3.21,12,8,0.67,45,241,5.36,"2,319.00","15,308.00",6.6,2,6,3,"2,741.00","2,335.00",0.85,"11,947.00","53,640.00",4.49,"17,863.00","14,969.00",0.84,40,290,7.25,"22,020.00","85,526.00",3.88,62,9,0.15,"23,493.00","34,250.00",1.46,"13,741.00","10,41,801.00",75.82,501,"3,215.00",6.42,"4,785.00","3,933.00",0.82,115,54,0.47,14,24,1.71,,,,10,9,0.9,,,,,,,,,,14,4,0.29,,,,7,6,0.86,,,,,,,18,40,2.22,,,
,,2020 - 2021,"43,809.00","29,769.00",0.68,138,"9,151.00",66.31,33,12,0.36,"1,61,667.00","4,53,540.00",2.81,1,1,1,129,775,6.01,"2,273.00","21,514.00",9.47,7,10,1.43,"1,955.00","1,820.00",0.93,"1,514.00","5,532.00",3.65,"15,422.00","8,459.00",0.55,64,849,13.27,"31,655.00","93,467.00",2.95,117,11,0.09,"29,475.00","39,549.00",1.34,"8,451.00","6,40,873.00",75.83,194,"1,478.00",7.62,"5,446.00","3,471.00",0.64,66,45,0.68,10,5,0.5,,,,,,,,,,,,,,,,15,5,0.33,19,25,1.32,6,9,1.5,,,,,,,11,29,2.64,,,
,,2021 - 2022,"36,690.00","32,727.00",0.89,227,"7,741.00",34.1,8,4,0.5,"1,46,158.00","3,33,584.00",2.28,,,,73,204,2.79,"1,438.00","13,578.00",9.44,8,17,2.13,962,362,0.38,"9,354.00","32,309.00",3.45,"9,050.00","7,738.00",0.86,126,"2,026.00",16.08,"46,045.00","1,74,649.00",3.79,37,8,0.22,"22,853.00","33,594.00",1.47,"12,942.00","13,58,910.00",105,192,"1,412.00",7.35,"6,686.00","5,523.00",0.83,26,3,0.12,31,23,0.74,,,,4,2,0.5,,,,,,,,,,23,14,0.61,21,34,1.62,2,1,0.5,,,,,,,19,26,1.37,9,170,18.89
,,2022 - 2023,"38,532.00","39,341.00",1.02,227,"14,994.00",66.05,7,5,0.71,"1,48,432.00","5,56,183.00",3.75,,,,47,176,3.74,757,"6,737.00",8.9,2,5,2.5,434,350,0.81,"7,349.00","29,043.00",3.95,"6,830.00","6,202.00",0.91,20,197,9.85,"56,729.00","2,33,723.00",4.12,13,4,0.31,"33,004.00","50,496.00",1.53,"12,419.00","9,92,706.00",79.93,76,571,7.51,"4,517.00","3,993.00",0.88,8,7,0.88,7,7,1,,,,1,1,1,1,3,3,,,,1,2,2,15,16,1.07,6,9,1.5,,,,,,,,,,2,4,2,14,273,19.5
,26. Siddipet,2018 - 2019,"6,546.00","4,661.00",0.71,5,308,61.6,40,30,0.75,"74,505.00","1,27,535.00",1.71,290,356,1.23,31,133,4.29,7,48,6.86,32,80,2.5,13,12,0.92,"62,873.00","1,62,904.00",2.59,314,198,0.63,40,523,13.08,"34,756.00","1,14,764.00",3.3,,,,46,73,1.59,81,"6,543.00",80.78,,,,6,5,0.83,,,,,,,,,,,,,,,,,,,,,,,,,,,,,,,,,,,,,,,,8,24,3
,,2019 - 2020,"6,687.00","6,345.00",0.95,1,59,59,42,55,1.31,"91,914.00","3,13,964.00",3.42,66,81,1.23,40,214,5.35,,,,43,118,2.74,111,131,1.18,"50,005.00","2,15,499.00",4.31,587,463,0.79,1,22,22,"49,501.00","1,85,183.00",3.74,,,,13,23,1.77,40,"3,760.00",94,,,,95,89,0.94,,,,,,,,,,2,2,1,,,,,,,,,,,,,,,,,,,,,,,,,,,,3,,0
,,2020 - 2021,"17,373.00","11,076.00",0.64,,,,85,31,0.36,"96,431.00","3,04,164.00",3.15,221,296,1.34,34,209,6.15,2,18,9,283,449,1.59,38,31,0.82,"4,935.00","22,105.00",4.48,363,150,0.41,4,53,13.25,"91,694.00","2,99,779.00",3.27,17,2,0.12,32,50,1.56,170,"14,104.00",82.96,3,23,7.67,18,14,0.78,6,6,1,4,2,0.5,,,,1,1,1,,,,,,,,,,2,1,0.5,3,5,1.67,32,52,1.63,,,,,,,1,3,3,,,
,,2021 - 2022,"8,750.00","5,653.00",0.65,5,171,34.2,42,23,0.55,"51,483.00","1,42,638.00",2.77,79,31,0.39,42,117,2.79,7,66,9.43,106,115,1.08,40,26,0.65,"19,002.00","72,496.00",3.82,97,83,0.86,4,64,16,"1,28,351.00","4,44,094.00",3.46,15,3,0.2,11,19,1.73,159,"16,212.00",101.96,2,15,7.5,8,6,0.75,8,10,1.25,,,,,,,,,,,,,29,31,1.07,2,4,2,1,1,1,2,3,1.5,25,17,0.68,,,,,,,14,21,1.5,1,33,33
,,2022 - 2023,"5,008.00","4,157.00",0.83,5,211,42.2,31,21,0.68,"49,959.00","1,69,861.00",3.4,62,45,0.73,16,60,3.75,2,18,9,39,102,2.62,21,14,0.67,"15,072.00","76,325.00",5.06,69,41,0.59,,,,"1,48,181.00","5,06,186.00",3.42,2,1,0.5,13,21,1.62,190,"17,181.00",90.43,,,,,,,1,1,1,,,,,,,4,6,1.5,,,,1,1,1,,,,,,,,,,17,11,0.65,,,,,,,10,20,2,,,
,27. Suryapet,2018 - 2019,"7,512.00","4,282.00",0.57,6,369,61.5,,,,"47,530.00","1,56,290.00",3.29,,,,"4,167.00","20,018.00",4.8,,,,"1,010.00","1,794.00",1.78,,,,17,53,3.12,"9,589.00","4,334.00",0.45,,,,"93,032.00","3,08,215.00",3.31,7,1,0.14,,,,973,"76,973.00",79.11,,,,3,3,1,,,,,,,,,,,,,,,,,,,,,,,,,,,,,,,,,,,,,,,,,,
,,2019 - 2020,"6,677.00","5,330.00",0.8,5,296,59.2,,,,"65,642.00","2,15,637.00",3.29,1,1,1,"5,908.00","33,327.00",5.64,,,,464,"1,155.00",2.49,20,24,1.2,11,53,4.82,"5,634.00","3,403.00",0.6,9,201,22.33,"1,27,779.00","4,51,315.00",3.53,,,,,,,175,"16,451.00",94.01,2,14,7,1,1,1,1,1,1,10,17,1.7,,,,2,2,1,,,,,,,,,,,,,,,,,,,8,125,15.63,,,,,,,,,
,,2020 - 2021,"7,699.00","5,650.00",0.73,7,327,46.71,2,1,0.5,"61,181.00","1,44,067.00",2.35,11,8,0.73,"5,028.00","27,438.00",5.46,1,9,9,769,"1,285.00",1.67,31,27,0.87,17,79,4.65,"5,200.00","1,016.00",0.2,,,,"1,62,517.00","5,14,819.00",3.17,10,1,0.1,,,,321,"28,722.00",89.48,1,8,8,33,24,0.73,2,2,1,,,,,,,,,,,,,3,0,0,,,,,,,,,,2,5,2.5,,,,,,,,,,,,
,,2021 - 2022,"3,866.00","2,068.00",0.53,6,205,34.17,,,,"39,715.00","1,12,370.00",2.83,5,4,0.8,"8,618.00","31,697.00",3.68,1,9,9,436,738,1.69,4,3,0.75,11,50,4.55,"1,867.00","1,074.00",0.58,1,16,16,"1,90,170.00","6,25,469.00",3.29,4,1,0.25,,,,582,"59,008.00",101.39,1,7,7,9,7,0.78,1,1,1,,,,,,,,,,,,,,,,,,,,,,,,,1,1,1,3,35,11.67,,,,1,1,1,,,
,,2022 - 2023,"1,420.00",984,0.69,6,253,42.17,,,,"46,816.00","1,59,174.00",3.4,1,1,1,"5,435.00","21,017.00",3.87,,,,221,480,2.17,6,4,0.67,5,23,4.6,883,434,0.49,1,11,11,"1,91,050.00","6,74,215.00",3.53,,,,,,,298,"27,001.00",90.61,1,8,8,6,4,0.67,,,,,,,,,,,,,,,,,,,,,,,,,,,,,,,4,36,9,,,,,,,,,
,28. Vikarabad,2018 - 2019,"53,842.00","32,574.00",0.6,129,"7,943.00",61.57,,,,"55,174.00","1,15,865.00",2.1,593,360,0.61,159,683,4.3,2,14,7,31,78,2.52,"2,359.00","2,692.00",1.14,"25,546.00","82,948.00",3.25,"7,248.00","6,299.00",0.87,49,641,13.08,"10,207.00","30,192.00",2.96,58,10,0.17,584,998,1.71,"2,716.00","2,15,834.00",79.47,"1,827.00","12,199.00",6.68,"5,202.00","4,942.00",0.95,2,1,0.5,,,,,,,,,,,,,,,,,,,,,,96,94,0.98,5,3,0.6,,,,,,,,,,,,
,,2019 - 2020,"51,913.00","44,898.00",0.86,158,"9,339.00",59.11,82,107,1.3,"77,484.00","2,24,129.00",2.89,480,295,0.61,126,675,5.36,71,469,6.61,109,300,2.75,"4,398.00","6,456.00",1.47,"29,506.00","1,53,476.00",5.2,"6,860.00","5,989.00",0.87,120,"2,678.00",22.32,"11,445.00","36,475.00",3.19,43,6,0.14,835,"1,857.00",2.22,"1,727.00","1,33,014.00",77.02,"1,596.00","14,862.00",9.31,"3,122.00","3,222.00",1.03,57,69,1.21,,,,,,,,,,,,,,,,,,,,,,146,231,1.58,5,,0,,,,,,,,,,,,
,,2020 - 2021,"74,067.00","64,058.00",0.86,148,"6,907.00",46.67,27,10,0.37,"1,07,728.00","1,72,250.00",1.6,525,274,0.52,170,"1,033.00",6.08,232,811,3.5,209,330,1.58,"3,959.00","2,807.00",0.71,"4,705.00","20,638.00",4.39,"9,650.00","5,127.00",0.53,116,"1,540.00",13.28,"30,422.00","88,553.00",2.91,110,10,0.09,835,"1,225.00",1.47,"2,429.00","2,22,742.00",91.7,"1,629.00","14,294.00",8.77,"4,361.00","3,363.00",0.77,9,8,0.89,63,34,0.54,,,,,,,,,,,,,,,,,,,143,189,1.32,25,40,1.6,,,,,,,4,12,3,16,140,8.75
,,2021 - 2022,"71,703.00","56,000.00",0.78,177,"7,801.00",44.07,12,6,0.5,"77,456.00","1,74,048.00",2.25,396,424,1.07,30,84,2.8,106,"1,028.00",9.7,199,199,1,"1,062.00","1,123.00",1.06,"29,194.00","1,32,541.00",4.54,"6,197.00","4,282.00",0.69,205,"1,779.00",8.68,"46,773.00","1,36,390.00",2.92,61,22,0.36,560,781,1.39,"2,261.00","2,30,005.00",101.73,"1,269.00","14,305.00",11.27,"3,768.00","3,289.00",0.87,8,10,1.25,13,10,0.77,,,,9,6,0.67,2,4,2,,,,1,2,2,,,,49,81,1.65,12,8,0.67,11,143,13,11,10,0.91,,,,1,39,39
,,2022 - 2023,"62,613.00","51,030.00",0.82,177,"7,467.00",42.19,12,8,0.67,"98,513.00","2,43,965.00",2.48,614,424,0.69,60,224,3.73,55,523,9.51,168,173,1.03,"1,021.00","1,182.00",1.16,"26,026.00","1,10,246.00",4.24,"6,953.00","3,824.00",0.55,45,638,14.18,"54,587.00","1,78,063.00",3.26,30,8,0.27,"1,326.00","1,600.00",1.21,"2,322.00","1,90,118.00",81.88,722,"9,505.00",13.16,"3,878.00","1,834.00",0.47,4,3,0.75,1,1,1,,,,2,1,0.5,,,,23,37,1.61,1,2,2,,,,35,101,2.89,7,4,0.57,6,44,7.33,39,31,0.79,,,,3,68,22.67
,29. Wanaparthy,2018 - 2019,"13,246.00","8,305.00",0.63,,,,"4,307.00","3,984.00",0.93,"2,736.00","4,056.00",1.48,47,47,1,333,"1,430.00",4.29,,,,609,"1,200.00",1.97,"2,042.00","2,181.00",1.07,"9,682.00","28,601.00",2.95,351,221,0.63,609,"8,422.00",13.83,"39,617.00","1,18,653.00",3,,,,,,,"1,956.00","1,55,046.00",79.27,,,,137,116,0.85,,,,,,,,,,,,,,,,,,,,,,,,,54,53,0.98,,,,,,,,,,,,,,,
,,2019 - 2020,"12,428.00","7,586.00",0.61,4,236,59,"5,859.00","8,794.00",1.5,"2,988.00","10,119.00",3.39,4,3,0.75,406,"2,176.00",5.36,,,,"1,385.00","3,911.00",2.82,"3,067.00","4,395.00",1.43,"6,804.00","35,742.00",5.25,92,72,0.78,317,"10,048.00",31.7,"55,423.00","1,82,508.00",3.29,6,1,0.17,,,,"1,002.00","79,002.00",78.84,,,,40,38,0.95,1,1,1,52,89,1.71,2,6,3,,,,,,,,,,,,,,,,59,93,1.58,3,3,1,,,,,,,,,,,,
,,2020 - 2021,"13,348.00","4,716.00",0.35,2,93,46.5,"2,837.00",855,0.3,"7,048.00","10,652.00",1.51,12,8,0.67,494,"3,137.00",6.35,,,,"1,727.00","2,249.00",1.3,"2,735.00","3,354.00",1.23,"3,236.00","11,698.00",3.61,147,61,0.41,660,"10,324.00",15.64,"72,108.00","1,90,133.00",2.64,2,0,0,,,,"1,042.00","1,03,280.00",99.12,,,,109,80,0.73,2,2,1,19,10,0.53,,,,,,,1,0,0,,,,,,,,,,71,96,1.35,10,16,1.6,,,,,,,,,,,,
,,2021 - 2022,"5,605.00","2,640.00",0.47,5,171,34.2,434,253,0.58,"5,261.00","9,903.00",1.88,2,2,1,862,"3,178.00",3.69,,,,"1,112.00","2,916.00",2.62,752,302,0.4,"4,704.00","18,472.00",3.93,91,45,0.49,859,"21,283.00",24.78,"73,746.00","2,65,707.00",3.6,1,0,0,22,38,1.73,934,"1,02,507.00",109.75,,,,285,226,0.79,,,,1,1,1,,,,,,,,,,,,,,,,,,,6,13,2.17,9,6,0.67,,,,,,,,,,,,
,,2022 - 2023,"2,950.00","1,861.00",0.63,5,211,42.2,359,248,0.69,"8,966.00","18,723.00",2.09,1,1,1,"1,114.00","4,859.00",4.36,,,,"3,120.00","7,398.00",2.37,720,634,0.88,"5,641.00","27,883.00",4.94,29,19,0.66,717,"11,202.00",15.62,"74,092.00","2,73,770.00",3.7,,,,67,108,1.61,"1,686.00","1,66,484.00",98.74,,,,169,118,0.7,1,1,1,11,12,1.09,,,,,,,,,,,,,,,,,,,15,23,1.53,2,1,0.5,,,,,,,,,,,,
,30. Warangal,2018 - 2019,"1,063.00",688,0.65,312,"24,280.00",77.82,,,,"69,337.00","1,83,131.00",2.64,39,31,0.79,"5,480.00","31,921.00",5.83,3,21,7,"3,470.00","11,867.00",3.42,2,2,1,"17,391.00","1,11,685.00",6.42,495,311,0.63,,,,"38,187.00","1,27,659.00",3.34,9,2,0.22,31,49,1.58,,,,"7,241.00","35,503.00",4.9,45,38,0.84,,,,,,,,,,,,,,,,,,,,,,,,,,,,,,,,,,,,,1,2,2,,,
,,2019 - 2020,"1,013.00",914,0.9,362,"24,724.00",68.3,1,1,1,"69,508.00","1,96,005.00",2.82,5,4,0.8,"4,421.00","18,551.00",4.2,1,7,7,"2,560.00","8,610.00",3.36,14,17,1.21,"18,370.00","1,06,633.00",5.8,313,247,0.79,4,89,22.25,"42,972.00","1,47,480.00",3.43,4,1,0.25,40,72,1.8,1,94,94,"6,860.00","44,096.00",6.43,56,53,0.95,,,,11,19,1.73,1,3,3,1,1,1,,,,,,,,,,,,,5,8,1.6,,,,,,,,,,,,,,,
,,2020 - 2021,"1,534.00",868,0.57,257,"17,543.00",68.26,,,,"80,825.00","1,82,104.00",2.25,7,5,0.71,"5,433.00","29,311.00",5.39,10,89,8.9,"2,942.00","6,687.00",2.27,14,12,0.86,"1,402.00","5,606.00",4,456,189,0.41,2,27,13.5,"51,264.00","1,45,423.00",2.84,45,4,0.09,70,107,1.53,,,,"5,481.00","29,570.00",5.4,58,44,0.76,,,,1,1,1,,,,,,,,,,,,,,,,,,,,,,1,1,1,,,,,,,,,,,,
,,2021 - 2022,894,572,0.64,235,"5,644.00",24.02,1,1,1,"44,353.00","1,38,277.00",3.12,5,4,0.8,"7,518.00","8,240.00",1.1,1,9,9,"2,213.00","4,986.00",2.25,15,10,0.67,"8,586.00","54,747.00",6.38,206,225,1.09,3,48,16,"54,190.00","1,69,506.00",3.13,19,4,0.21,51,88,1.73,,,,"2,211.00","11,426.00",5.17,9,7,0.78,,,,,,,,,,,,,,,,1,1,1,,,,1,1,1,,,,,,,,,,,,,,,,,,
,,2022 - 2023,190,212,1.12,235,"17,867.00",76.03,,,,"54,785.00","2,21,718.00",4.05,4,3,0.75,"2,509.00","5,497.00",2.19,,,,"1,420.00","4,094.00",2.88,2,1,0.5,"5,664.00","30,857.00",5.45,291,88,0.3,,,,"54,759.00","1,79,610.00",3.28,,,,30,48,1.6,,,,"1,070.00","6,587.00",6.16,24,17,0.71,,,,,,,,,,,,,,,,,,,,,,2,0,0,,,,,,,,,,,,,,,,,,
,31. Warangal urban,2018 - 2019,300,194,0.65,9,554,61.56,,,,"32,838.00","73,789.00",2.25,,,,192,824,4.29,,,,18,45,2.5,,,,"6,717.00","28,856.00",4.3,70,44,0.63,13,170,13.08,"15,384.00","53,875.00",3.5,,,,20,32,1.6,,,,447,"2,906.00",6.5,,,,,,,,,,,,,,,,,,,,,,,,,,,,,,,,,,,,,,,,,,,,,
,,2019 - 2020,689,622,0.9,15,887,59.13,,,,"30,888.00","82,161.00",2.66,15,11,0.73,108,579,5.36,,,,84,229,2.73,36,43,1.19,"9,843.00","53,973.00",5.48,156,123,0.79,,,,"26,807.00","93,851.00",3.5,,,,18,32,1.78,,,,446,"3,110.00",6.97,24,23,0.96,,,,11,19,1.73,2,6,3,,,,,,,,,,,,,,,,9,14,1.56,,,,,,,,,,,,,,,
,,2020 - 2021,"2,364.00","1,834.00",0.78,1,47,47,1,1,1,"33,567.00","50,256.00",1.5,15,10,0.67,193,"1,164.00",6.03,,,,103,164,1.59,40,33,0.83,376,"2,625.00",6.98,103,44,0.43,9,119,13.22,"39,018.00","1,12,710.00",2.89,9,1,0.11,15,22,1.47,,,,264,"2,058.00",7.8,18,14,0.78,,,,,,,,,,,,,,,,,,,,,,,,,1,2,2,3,4,1.33,,,,,,,,,,1,12,12
,,2021 - 2022,"1,054.00",679,0.64,177,"6,036.00",34.1,2,1,0.5,"31,957.00","81,958.00",2.56,4,3,0.75,"3,896.00","11,493.00",2.95,1,9,9,82,176,2.15,3,2,0.67,"2,861.00","16,371.00",5.72,54,5,0.09,16,257,16.06,"60,942.00","2,00,987.00",3.3,7,2,0.29,85,147,1.73,,,,"1,010.00","6,427.00",6.36,7,6,0.86,1,1,1,3,2,0.67,3,9,3,,,,,,,1,0,0,,,,,,,,,,2,1,0.5,,,,13,13,1,,,,,,
,,2022 - 2023,281,121,0.43,177,"7,467.00",42.19,3,2,0.67,"37,266.00","1,39,638.00",3.75,,,,"1,959.00","10,224.00",5.22,,,,16,34,2.13,8,5,0.63,"1,862.00","9,848.00",5.29,26,17,0.65,2,21,10.5,"59,900.00","2,14,861.00",3.59,2,1,0.5,85,137,1.61,,,,266,"1,365.00",5.13,3,2,0.67,,,,,,,6,13,2.17,,,,,,,1,2,2,,,,,,,,,,,,,,,,,,,,,,,,
,32. Yadadri,2018 - 2019,"9,717.00","3,323.00",0.34,3,185,61.67,24,18,0.75,"67,266.00","1,08,021.00",1.61,,,,64,275,4.3,,,,193,483,2.5,"1,026.00","1,230.00",1.2,"2,059.00","4,351.00",2.11,397,250,0.63,,,,"47,562.00","1,60,712.00",3.38,10,2,0.2,,,,14,"1,078.00",77,1,7,7,28,24,0.86,,,,,,,,,,,,,,,,,,,,,,,,,,,,,,,,,,,,,,,,,,
,,2019 - 2020,"10,608.00","8,676.00",0.82,4,236,59,41,54,1.32,"69,609.00","2,15,515.00",3.1,5,4,0.8,57,306,5.37,,,,92,252,2.74,625,652,1.04,"1,265.00","2,691.00",2.13,435,343,0.79,,,,"52,183.00","1,96,104.00",3.76,12,2,0.17,,,,6,444,74,,,,13,12,0.92,1,1,1,149,255,1.71,42,125,2.98,,,,,,,,,,,,,,,,18,28,1.56,24,21,0.88,6,94,15.67,,,,,,,,,
,,2020 - 2021,"18,522.00","13,913.00",0.75,3,140,46.67,62,23,0.37,"73,877.00","1,87,918.00",2.54,10,7,0.7,37,229,6.19,4,36,9,47,79,1.68,839,683,0.81,37,174,4.7,411,171,0.42,,,,"82,602.00","2,33,716.00",2.83,99,9,0.09,3,4,1.33,5,490,98,,,,30,23,0.77,8,8,1,14,8,0.57,14,52,3.71,,,,,,,,,,,,,,,,2,4,2,177,284,1.6,7,62,8.86,,,,,,,,,
,,2021 - 2022,"9,652.00","7,210.00",0.75,2,68,34,7,4,0.57,"50,714.00","1,19,029.00",2.35,4,3,0.75,75,210,2.8,1,9,9,33,71,2.15,283,64,0.23,60,273,4.55,60,48,0.8,,,,"1,13,310.00","3,71,317.00",3.28,9,2,0.22,,,,26,"2,704.00",104,3,22,7.33,7,6,0.86,1,1,1,,,,1,3,3,,,,,,,,,,,,,3,2,0.67,2,3,1.5,26,20,0.77,,,,3,3,1,,,,,,
,,2022 - 2023,"4,148.00","2,837.00",0.68,2,84,42,5,3,0.6,"47,575.00","1,51,121.00",3.18,1,1,1,61,228,3.74,1,9,9,17,41,2.41,48,33,0.69,45,205,4.56,36,22,0.61,,,,"1,20,942.00","4,17,008.00",3.45,7,2,0.29,1,2,2,19,"1,794.00",94.42,,,,31,22,0.71,,,,,,,,,,,,,,,,,,,,,,1,0,0,,,,9,5,0.56,,,,4,4,1,,,,,,
