State,District,Year,Coriander,,,Cowpea(Lobia),,,Dry chillies,,,Garlic,,,Gram,,,Groundnut,,,Jowar,,,Maize,,,Moong(Green Gram),,,Onion,,,Rice,,,Safflower,,,Sesamum,,,Sunflower,,,Tobacco,,,Urad,,,Wheat,,,Bajra,,,Castor seed,,,Arhar/Tur,,,Ginger,,,Soyabean,,,Turmeric,,,Cotton(lint),,,Horse-gram,,,Ragi,,,Sweet potato,,,Small millets,,,Potato,,
,,,Rabi,,,Rabi,,,Rabi,,,Rabi,,,Rabi,,,Rabi,,,Rabi,,,Rabi,,,Rabi,,,Rabi,,,Rabi,,,Rabi,,,Rabi,,,Rabi,,,Rabi,,,Rabi,,,Rabi,,,Rabi,,,Rabi,,,Rabi,,,Rabi,,,Rabi,,,Rabi,,,Rabi,,,Rabi,,,Rabi,,,Rabi,,,Rabi,,,Rabi,,
,,,Area (Hectare),Production (Tonnes),Yield (Tonne/Hectare),Area (Hectare),Production (Tonnes),Yield (Tonne/Hectare),Area (Hectare),Production (Tonnes),Yield (Tonne/Hectare),Area (Hectare),Production (Tonnes),Yield (Tonne/Hectare),Area (Hectare),Production (Tonnes),Yield (Tonne/Hectare),Area (Hectare),Production (Tonnes),Yield (Tonne/Hectare),Area (Hectare),Production (Tonnes),Yield (Tonne/Hectare),Area (Hectare),Production (Tonnes),Yield (Tonne/Hectare),Area (Hectare),Production (Tonnes),Yield (Tonne/Hectare),Area (Hectare),Production (Tonnes),Yield (Tonne/Hectare),Area (Hectare),Production (Tonnes),Yield (Tonne/Hectare),Area (Hectare),Production (Tonnes),Yield (Tonne/Hectare),Area (Hectare),Production (Tonnes),Yield (Tonne/Hectare),Area (Hectare),Production (Tonnes),Yield (Tonne/Hectare),Area (Hectare),Production (Tonnes),Yield (Tonne/Hectare),Area (Hectare),Production (Tonnes),Yield (Tonne/Hectare),Area (Hectare),Production (Tonnes),Yield (Tonne/Hectare),Area (Hectare),Production (Tonnes),Yield (Tonne/Hectare),Area (Hectare),Production (Tonnes),Yield (Tonne/Hectare),Area (Hectare),Production (Tonnes),Yield (Tonne/Hectare),Area (Hectare),Production (Tonnes),Yield (Tonne/Hectare),Area (Hectare),Production (Tonnes),Yield (Tonne/Hectare),Area (Hectare),Production (Tonnes),Yield (Tonne/Hectare),Area (Hectare),Production (Bales),Yield (Bales/Hectare),Area (Hectare),Production (Tonnes),Yield (Tonne/Hectare),Area (Hectare),Production (Tonnes),Yield (Tonne/Hectare),Area (Hectare),Production (Tonnes),Yield (Tonne/Hectare),Area (Hectare),Production (Tonnes),Yield (Tonne/Hectare),Area (Hectare),Production (Tonnes),Yield (Tonne/Hectare)
1. Telangana,1. Adilabad,2018 - 2019,263,263,1,35,39,1.11,17,104,6.12,10,26,2.6,"25,311.00","47,028.00",1.86,606,"1,508.00",2.49,"3,234.00","4,110.00",1.27,"1,004.00","5,599.00",5.58,3,3,1,74,"2,157.00",29.15,42,143,3.4,8,5,0.63,226,158,0.7,20,39,1.95,75,202,2.69,4,6,1.5,"2,128.00","3,650.00",1.72,,,,,,,,,,,,,,,,,,,,,,,,,,,,,,,,,,,,
,,2019 - 2020,59,134,2.27,21,20,0.95,15,88,5.87,1,5,5,"34,397.00","56,694.00",1.65,404,948,2.35,"6,580.00","14,950.00",2.27,"3,121.00","20,465.00",6.56,42,40,0.95,14,480,34.29,197,733,3.72,16,18,1.13,295,188,0.64,,,,25,74,2.96,9,16,1.78,"2,192.00","4,320.00",1.97,1,1,1,1,1,1,,,,,,,,,,,,,,,,,,,,,,,,,,,,,,
,,2020 - 2021,156,165,1.06,13,14,1.08,5,29,5.8,1,0,0,"31,005.00","56,541.00",1.82,"1,042.00","2,480.00",2.38,"13,832.00","37,696.00",2.73,"1,425.00","9,305.00",6.53,213,203,0.95,31,"1,008.00",32.52,172,668,3.88,5,5,1,486,331,0.68,2,9,4.5,3,12,4,50,93,1.86,"2,513.00","8,253.00",3.28,12,11,0.92,,,,40,36,0.9,,,,,,,,,,,,,,,,,,,,,,,,,,,
,,2021 - 2022,200,163,0.82,18,12,0.67,13,66,5.08,,,,"36,353.00","52,821.00",1.45,516,"1,255.00",2.43,"13,392.00","23,972.00",1.79,"2,552.00","11,303.00",4.43,162,155,0.96,16,375,23.44,28,100,3.57,39,38,0.97,307,86,0.28,6,8,1.33,4,12,3,65,84,1.29,"1,956.00","5,043.00",2.58,2,2,1,,,,156,116,0.74,1,9,9,111,199,1.79,1,7,7,,,,,,,,,,,,,,,,,,
,,2022 - 2023,352,118,0.34,3,3,1,14,71,5.07,,,,"43,620.00","70,054.00",1.61,357,825,2.31,"15,699.00","22,983.00",1.46,"5,787.00","34,091.00",5.89,81,55,0.68,1,26,26,197,679,3.45,18,16,0.89,216,104,0.48,45,84,1.87,,,,19,30,1.58,"1,236.00","2,559.00",2.07,,,,4,5,1.25,105,186,1.77,,,,55,61,1.11,,,,9,29,3.22,,,,,,,,,,,,,,,
,2. Bhadradri,2018 - 2019,,,,293,366,1.25,"1,623.00","10,196.00",6.28,,,,,,,"1,194.00","2,786.00",2.33,120,198,1.65,"3,877.00","24,545.00",6.33,493,402,0.82,,,,"7,064.00","28,722.00",4.07,,,,63,44,0.7,5,10,2,694,"2,320.00",3.34,270,400,1.48,,,,,,,,,,11,14,1.27,,,,,,,,,,,,,,,,,,,,,,,,,,,
,,2019 - 2020,,,,136,132,0.97,"1,572.00","6,939.00",4.41,,,,,,,"1,007.00","2,532.00",2.51,202,430,2.13,"6,434.00","37,646.00",5.85,393,283,0.72,,,,"22,711.00","74,810.00",3.29,,,,82,52,0.63,,,,551,"1,692.00",3.07,201,362,1.8,,,,,,,,,,11,6,0.55,,,,,,,,,,,,,4,3,0.75,,,,,,,,,,,,
,,2020 - 2021,,,,174,190,1.09,671,"5,543.00",8.26,,,,4,7,1.75,616,"2,928.00",4.75,242,612,2.53,"1,675.00","10,884.00",6.5,325,309,0.95,3,98,32.67,"27,375.00","42,158.00",1.54,,,,137,93,0.68,98,262,2.67,186,427,2.3,155,296,1.91,,,,,,,,,,,,,,,,,,,,,,,,,1,3,3,,,,,,,,,,,,
,,2021 - 2022,,,,"1,048.00",689,0.66,"2,203.00","10,191.00",4.63,,,,16,23,1.44,954,"4,361.00",4.57,685,"1,530.00",2.23,"10,698.00","65,493.00",6.12,"1,323.00","1,406.00",1.06,21,492,23.43,"8,484.00","26,818.00",3.16,1,1,1,448,348,0.78,734,998,1.36,358,824,2.3,717,896,1.25,1,2,2,2,2,1,,,,65,48,0.74,,,,1,2,2,2,15,7.5,,,,11,9,0.82,6,10,1.67,2,23,11.5,,,,,,
,,2022 - 2023,,,,667,665,1,"2,187.00","22,137.00",10.12,,,,4,6,1.5,"1,113.00","4,835.00",4.34,381,786,2.06,"11,537.00","74,125.00",6.42,358,304,0.85,,,,"25,261.00","90,258.00",3.57,,,,100,76,0.76,204,380,1.86,495,938,1.89,346,346,1,,,,,,,2,2,1,8,9,1.13,,,,,,,,,,59,205,3.47,,,,,,,19,138,7.26,1,1,1,,,
,3. Jagitial,2018 - 2019,,,,486,968,1.99,,,,,,,125,196,1.57,876,"1,250.00",1.43,98,162,1.65,"8,933.00","40,538.00",4.54,"1,229.00","1,192.00",0.97,349,"10,173.00",29.15,"48,087.00","1,81,769.00",3.78,,,,"6,395.00","2,750.00",0.43,,,,,,,"1,231.00","1,397.00",1.13,,,,"1,620.00",805,0.5,,,,,,,,,,,,,,,,,,,,,,,,,,,,,,,,,
,,2019 - 2020,,,,78,96,1.23,,,,,,,480,735,1.53,220,384,1.75,40,85,2.13,"7,865.00","43,595.00",5.54,403,441,1.09,130,"4,453.00",34.25,"1,02,546.00","3,91,623.00",3.82,,,,"6,644.00","4,717.00",0.71,,,,,,,215,241,1.12,,,,"1,229.00","1,494.00",1.22,,,,,,,,,,,,,,,,,,,,,,,,,,,,,,,,,
,,2020 - 2021,5,5,1,140,153,1.09,,,,,,,405,674,1.66,250,429,1.72,229,576,2.52,"2,564.00","16,455.00",6.42,809,815,1.01,75,"2,438.00",32.51,"1,20,376.00","5,17,256.00",4.3,,,,"8,031.00","6,112.00",0.76,1,4,4,,,,662,816,1.23,,,,"2,108.00","1,959.00",0.93,,,,1,2,2,,,,,,,,,,,,,,,,,,,,,,,,,,,
,,2021 - 2022,1,1,1,422,277,0.66,147,749,5.1,1,4,4,308,476,1.55,445,570,1.28,310,817,2.64,"5,728.00","47,926.00",8.37,"1,265.00","1,042.00",0.82,66,"1,547.00",23.44,"74,742.00","2,85,664.00",3.82,,,,"11,616.00","9,316.00",0.8,5,7,1.4,,,,"2,129.00","1,742.00",0.82,115,231,2.01,"1,064.00","1,067.00",1,,,,16,12,0.75,,,,2,4,2,,,,,,,4,3,0.75,,,,,,,,,,4,96,24
,,2022 - 2023,,,,83,75,0.9,140,712,5.09,3,9,3,108,222,2.06,160,299,1.87,56,116,2.07,"9,877.00","69,337.00",7.02,146,162,1.11,64,"1,635.00",25.55,"1,20,927.00","4,37,272.00",3.62,1,1,1,"4,862.00","3,812.00",0.78,1,2,2,,,,100,104,1.04,1,2,2,230,754,3.28,,,,3,4,1.33,,,,,,,,,,2,6,3,3,2,0.67,,,,,,,,,,,,
,4. Jangoan,2018 - 2019,,,,161,181,1.12,,,,,,,219,344,1.57,"1,033.00","1,494.00",1.45,16,26,1.63,"2,109.00","10,973.00",5.2,108,102,0.94,26,758,29.15,"18,949.00","53,038.00",2.8,,,,6,4,0.67,,,,22,115,5.23,30,44,1.47,,,,,,,,,,4,3,0.75,,,,,,,,,,,,,32,20,0.63,,,,20,127,6.35,,,,,,
,,2019 - 2020,1,1,1,15,15,1,4,24,6,,,,113,173,1.53,701,"1,034.00",1.48,83,177,2.13,"4,405.00","34,840.00",7.91,44,42,0.95,24,822,34.25,"46,799.00","1,65,949.00",3.55,,,,6,4,0.67,,,,49,148,3.02,9,16,1.78,,,,,,,,,,9,8,0.89,,,,,,,,,,,,,11,10,0.91,,,,57,894,15.68,,,,,,
,,2020 - 2021,19,20,1.05,128,140,1.09,160,957,5.98,,,,120,203,1.69,"1,257.00","1,706.00",1.36,90,227,2.52,"2,389.00","19,660.00",8.23,135,129,0.96,9,293,32.56,"64,690.00","2,45,369.00",3.79,,,,67,47,0.7,6,17,2.83,197,292,1.48,86,161,1.87,1,3,3,,,,,,,62,33,0.53,1,9,9,,,,,,,,,,9,16,1.78,,,,67,597,8.91,,,,,,
,,2021 - 2022,28,17,0.61,280,184,0.66,256,"1,305.00",5.1,,,,133,71,0.53,"1,113.00","1,467.00",1.32,216,429,1.99,"3,945.00","27,891.00",7.07,292,280,0.96,9,211,23.44,"57,057.00","1,81,898.00",3.19,42,41,0.98,188,146,0.78,99,135,1.36,212,643,3.03,195,253,1.3,20,40,2,,,,4,6,1.5,162,148,0.91,3,28,9.33,4,7,1.75,1,7,7,,,,32,26,0.81,,,,75,889,11.85,1,1,1,,,
,,2022 - 2023,1,1,1,27,24,0.89,96,244,2.54,,,,8,8,1,230,443,1.93,35,72,2.06,"3,741.00","22,027.00",5.89,22,5,0.23,,,,"78,000.00","1,68,558.00",2.16,1,1,1,4,3,0.75,7,13,1.86,299,"1,160.00",3.88,7,11,1.57,1,2,2,,,,3,4,1.33,11,8,0.73,,,,,,,,,,86,267,3.1,8,5,0.63,,,,70,409,5.84,,,,,,
,5. Jayashankar,2018 - 2019,,,,144,162,1.13,6,39,6.5,,,,229,359,1.57,95,202,2.13,2,3,1.5,"1,898.00","13,842.00",7.29,229,162,0.71,21,612,29.14,"11,331.00","37,664.00",3.32,,,,,,,,,,,,,31,21,0.68,,,,,,,,,,3,2,0.67,,,,,,,,,,,,,3,2,0.67,,,,,,,,,,,,
,,2019 - 2020,,,,51,50,0.98,92,542,5.89,,,,72,110,1.53,51,120,2.35,,,,"6,924.00","48,333.00",6.98,664,629,0.95,11,377,34.27,"25,912.00","93,024.00",3.59,,,,26,17,0.65,,,,,,,282,508,1.8,,,,,,,,,,2,2,1,,,,,,,,,,,,,,,,,,,,,,,,,,,
,,2020 - 2021,2,2,1,146,159,1.09,306,"1,827.00",5.97,,,,35,57,1.63,289,690,2.39,2,6,3,"7,382.00","64,821.00",8.78,157,148,0.94,12,390,32.5,"32,288.00","1,23,502.00",3.83,,,,54,37,0.69,14,40,2.86,,,,67,126,1.88,,,,,,,,,,8,6,0.75,,,,,,,,,,,,,1,1,1,,,,,,,,,,,,
,,2021 - 2022,,,,35,23,0.66,17,87,5.12,,,,9,13,1.44,108,245,2.27,4,8,2,"6,695.00","55,649.00",8.31,101,96,0.95,7,164,23.43,"19,781.00","57,128.00",2.89,,,,57,44,0.77,45,61,1.36,3,6,2,90,61,0.68,,,,,,,6,9,1.5,8,6,0.75,,,,,,,6,44,7.33,,,,,,,,,,,,,,,,,,
,,2022 - 2023,,,,36,32,0.89,515,"2,182.00",4.24,,,,12,19,1.58,83,119,1.43,103,212,2.06,"4,464.00","31,494.00",7.06,23,26,1.13,5,128,25.6,"34,104.00","1,05,484.00",3.09,,,,29,22,0.76,,,,,,,16,25,1.56,1,2,2,,,,4,5,1.25,1,1,1,,,,2,3,1.5,,,,13,52,4,,,,16,15,0.94,,,,4,4,1,,,
,6. Jogulamba,2018 - 2019,,,,436,490,1.12,,,,,,,"13,653.00","5,611.00",0.41,"8,718.00","23,181.00",2.66,"1,438.00","2,975.00",2.07,857,"3,036.00",3.54,39,37,0.95,184,"5,363.00",29.15,"6,277.00","17,645.00",2.81,,,,,,,,,,"1,179.00","3,172.00",2.69,250,370,1.48,,,,,,,18,14,0.78,106,31,0.29,,,,,,,,,,,,,,,,,,,,,,,,,,,
,,2019 - 2020,,,,273,271,0.99,,,,,,,"7,113.00","7,944.00",1.12,"5,008.00","13,439.00",2.68,940,"2,190.00",2.33,"2,193.00","8,277.00",3.77,140,133,0.95,503,"17,228.00",34.25,"17,810.00","56,458.00",3.17,2,2,1,11,7,0.64,9,20,2.22,844,"2,655.00",3.15,"1,480.00","2,664.00",1.8,4,7,1.75,49,74,1.51,328,404,1.23,111,72,0.65,,,,,,,,,,,,,18,16,0.89,,,,,,,62,93,1.5,,,
,,2020 - 2021,,,,631,"1,187.00",1.88,249,"1,505.00",6.04,,,,"6,425.00","10,831.00",1.69,"8,939.00","20,006.00",2.24,"1,563.00","4,149.00",2.65,"2,222.00","13,144.00",5.92,198,187,0.94,256,"5,058.00",19.76,"23,551.00","73,503.00",3.12,7,7,1,12,8,0.67,14,39,2.79,634,803,1.27,"3,969.00","7,450.00",1.88,6,16,2.67,40,39,0.98,129,55,0.43,497,308,0.62,,,,,,,,,,,,,24,40,1.67,,,,,,,194,76,0.39,,,
,,2021 - 2022,6,4,0.67,"1,305.00","1,677.00",1.29,89,454,5.1,,,,"7,969.00","11,300.00",1.42,"8,635.00","18,781.00",2.17,"1,546.00","1,657.00",1.07,"4,610.00","18,113.00",3.93,118,113,0.96,99,"2,454.00",24.79,"13,904.00","41,642.00",2.99,5,5,1,36,28,0.78,33,45,1.36,"1,255.00","1,807.00",1.44,"5,184.00","4,593.00",0.89,3,6,2,38,38,1,330,452,1.37,547,372,0.68,,,,24,42,1.75,,,,,,,12,10,0.83,,,,,,,219,158,0.72,,,
,,2022 - 2023,2,1,0.5,402,502,1.25,25,46,1.84,,,,"6,200.00","9,164.00",1.48,"6,572.00","13,387.00",2.04,"1,027.00","1,001.00",0.97,"13,175.00","49,683.00",3.77,61,75,1.23,66,"1,248.00",18.91,"28,257.00","89,716.00",3.18,4,4,1,7,5,0.71,7,13,1.86,"1,434.00","4,362.00",3.04,"2,428.00","2,768.00",1.14,,,,12,39,3.25,"1,131.00","1,492.00",1.32,115,137,1.19,,,,14,18,1.29,,,,28,59,2.11,,,,,,,,,,67,70,1.04,,,
,7. Kamareddy,2018 - 2019,124,109,0.88,,,,38,234,6.16,,,,"16,960.00","27,424.00",1.62,85,212,2.49,"3,244.00","8,535.00",2.63,"4,874.00","22,766.00",4.67,72,68,0.94,496,"8,666.00",17.47,"23,451.00","88,082.00",3.76,740,283,0.38,23,16,0.7,81,159,1.96,74,387,5.23,59,87,1.47,"1,016.00","2,455.00",2.42,,,,,,,,,,,,,,,,,,,,,,,,,,,,,,,,,,,,
,,2019 - 2020,243,145,0.6,2,2,1,9,53,5.89,2,9,4.5,"26,618.00","41,766.00",1.57,34,80,2.35,"6,852.00","25,688.00",3.75,"14,951.00","1,05,188.00",7.04,18,17,0.94,184,"3,619.00",19.67,"74,463.00","3,09,096.00",4.15,115,114,0.99,209,133,0.64,71,158,2.23,7,21,3,22,40,1.82,"1,012.00","1,663.00",1.64,,,,59,77,1.31,,,,,,,,,,,,,,,,165,144,0.87,,,,,,,,,,,,
,,2020 - 2021,295,113,0.38,11,12,1.09,6,44,7.33,9,0,0,"40,122.00","70,392.00",1.75,480,"1,144.00",2.38,"8,278.00","33,018.00",3.99,"7,516.00","63,263.00",8.42,52,50,0.96,196,"6,038.00",30.81,"99,340.00","4,30,341.00",4.33,109,101,0.93,604,409,0.68,417,"1,119.00",2.68,15,55,3.67,42,81,1.93,"1,200.00","2,778.00",2.32,5,4,0.8,66,24,0.36,,,,1,9,9,,,,,,,,,,113,184,1.63,,,,,,,,,,1,12,12
,,2021 - 2022,435,229,0.53,16,11,0.69,21,107,5.1,,,,"41,459.00","58,913.00",1.42,"1,832.00","4,151.00",2.27,"9,802.00","28,083.00",2.87,"16,257.00","1,10,206.00",6.78,229,219,0.96,288,"10,045.00",34.88,"62,328.00","2,69,444.00",4.32,275,170,0.62,"1,330.00","1,033.00",0.78,"1,896.00","2,579.00",1.36,52,158,3.04,908,"1,176.00",1.3,"2,115.00","4,207.00",1.99,1,1,1,69,106,1.54,20,15,0.75,,,,"1,079.00","1,939.00",1.8,5,37,7.4,,,,88,72,0.82,,,,2,23,11.5,,,,3,72,24
,,2022 - 2023,"1,214.00",738,0.61,,,,12,61,5.08,,,,"35,633.00","55,873.00",1.57,430,504,1.17,"7,790.00","30,630.00",3.93,"15,398.00","97,177.00",6.31,2,2,1,122,"2,351.00",19.27,"1,04,991.00","3,72,613.00",3.55,540,486,0.9,81,11,0.14,960,"1,852.00",1.93,105,235,2.24,95,149,1.57,341,555,1.63,,,,10,16,1.6,2,3,1.5,,,,666,"1,036.00",1.56,1,8,8,15,50,3.33,58,39,0.67,,,,3,22,7.33,,,,,,
,8. Karimnagar,2018 - 2019,1,1,1,28,31,1.11,,,,,,,291,457,1.57,"1,373.00","3,711.00",2.7,,,,"7,859.00","54,644.00",6.95,255,242,0.95,11,321,29.18,"48,707.00","1,79,437.00",3.68,,,,,,,3,6,2,66,345,5.23,25,37,1.48,,,,,,,,,,,,,,,,,,,,,,,,,,,,,,,6,38,6.33,,,,,,
,,2019 - 2020,13,12,0.92,32,31,0.97,,,,,,,140,214,1.53,"1,839.00","3,072.00",1.67,,,,"13,396.00","81,991.00",6.12,141,134,0.95,17,582,34.24,"89,721.00","3,50,809.00",3.91,,,,4,3,0.75,2,4,2,,,,8,14,1.75,,,,,,,,,,,,,,,,,,,,,,,,,,,,,,,6,94,15.67,,,,,,
,,2020 - 2021,,,,52,57,1.1,3,22,7.33,,,,88,148,1.68,582,932,1.6,6,20,3.33,"9,649.00","73,761.00",7.64,143,136,0.95,18,585,32.5,"1,07,052.00","4,63,214.00",4.33,,,,66,45,0.68,193,516,2.67,42,153,3.64,2,7,3.5,,,,1,1,1,,,,3,2,0.67,,,,,,,,,,,,,2,4,2,,,,9,80,8.89,,,,,,
,,2021 - 2022,,,,158,104,0.66,44,224,5.09,1,4,4,167,142,0.85,"1,405.00","3,282.00",2.34,22,44,2,"9,536.00","65,751.00",6.9,221,49,0.22,18,422,23.44,"85,972.00","3,21,879.00",3.74,9,9,1,161,125,0.78,375,510,1.36,112,340,3.04,137,177,1.29,17,34,2,1,1,1,2,3,1.5,16,12,0.75,,,,3,5,1.67,1,7,7,,,,7,6,0.86,,,,5,58,11.6,,,,,,
,,2022 - 2023,,,,30,27,0.9,7,36,5.14,,,,19,20,1.05,230,436,1.9,,,,"8,070.00","47,831.00",5.93,16,11,0.69,,,,"1,09,804.00","3,46,432.00",3.16,4,4,1,13,10,0.77,156,291,1.87,123,275,2.24,1,2,2,,,,,,,3,4,1.33,,,,,,,,,,,,,48,173,3.6,1,1,1,,,,1,7,7,,,,,,
,9. Khammam,2018 - 2019,,,,222,250,1.13,682,"4,191.00",6.15,,,,22,35,1.59,"1,196.00","2,663.00",2.23,247,408,1.65,"13,736.00","82,677.00",6.02,"1,087.00","1,067.00",0.98,2,58,29,"31,843.00","99,255.00",3.12,,,,116,81,0.7,7,14,2,6,31,5.17,214,317,1.48,,,,,,,,,,19,16,0.84,,,,,,,,,,,,,,,,,,,,,,,,,,,
,,2019 - 2020,,,,59,57,0.97,451,"2,657.00",5.89,,,,10,16,1.6,585,860,1.47,272,579,2.13,"36,149.00","2,71,462.00",7.51,"1,323.00","1,277.00",0.97,2,69,34.5,"82,093.00","3,18,849.00",3.88,,,,121,77,0.64,,,,,,,169,304,1.8,,,,1,1,1,,,,,,,,,,,,,,,,,,,,,,,,,,,,1,2,2,,,
,,2020 - 2021,,,,409,446,1.09,"1,098.00","3,163.00",2.88,12,0,0,33,55,1.67,"1,622.00","2,677.00",1.65,451,"1,136.00",2.52,"31,742.00","2,86,684.00",9.03,"5,870.00","5,815.00",0.99,11,358,32.55,"91,222.00","3,29,585.00",3.61,,,,640,433,0.68,78,207,2.65,11,39,3.55,879,"1,648.00",1.87,,,,,,,,,,33,35,1.06,1,9,9,,,,,,,,,,2,5,2.5,,,,,,,1,1,1,,,
,,2021 - 2022,,,,377,304,0.81,208,316,1.52,,,,47,66,1.4,760,"1,521.00",2,245,276,1.13,"33,048.00","2,56,948.00",7.77,"3,473.00","3,779.00",1.09,6,141,23.5,"37,168.00","1,13,177.00",3.05,3,3,1,617,268,0.43,87,118,1.36,26,79,3.04,584,469,0.8,,,,,,,3,5,1.67,19,14,0.74,,,,,,,,,,,,,4,3,0.75,,,,,,,1,1,1,,,
,,2022 - 2023,,,,87,78,0.9,90,193,2.14,,,,15,24,1.6,223,557,2.5,137,203,1.48,"36,921.00","2,33,082.00",6.31,"1,400.00","1,333.00",0.95,,,,"86,958.00","2,99,309.00",3.44,,,,172,78,0.45,18,34,1.89,9,20,2.22,130,115,0.88,,,,,,,,,,5,6,1.2,,,,5,6,1.2,,,,59,175,2.97,,,,,,,1,7,7,,,,,,
,10. Komaram bheem asifabad,2018 - 2019,,,,10,11,1.1,68,418,6.15,,,,"1,310.00","2,313.00",1.77,,,,"2,318.00","2,659.00",1.15,288,"1,873.00",6.5,249,430,1.73,51,"1,487.00",29.16,"2,737.00","6,424.00",2.35,,,,3,2,0.67,,,,,,,4,6,1.5,155,291,1.88,,,,,,,10,10,1,,,,,,,,,,,,,3,2,0.67,,,,,,,,,,,,
,,2019 - 2020,13,12,0.92,23,22,0.96,19,112,5.89,,,,"2,545.00","1,924.00",0.76,27,63,2.33,"2,030.00","1,825.00",0.9,621,"4,306.00",6.93,311,295,0.95,34,"1,165.00",34.26,"5,026.00","15,063.00",3,,,,16,10,0.63,1,2,2,,,,21,38,1.81,226,416,1.84,,,,,,,,,,,,,,,,,,,,,,,,,,,,9,141,15.67,,,,,,
,,2020 - 2021,9,10,1.11,22,24,1.09,13,82,6.31,,,,"2,543.00","2,182.00",0.86,76,178,2.34,"2,590.00","1,618.00",0.62,463,"3,650.00",7.88,534,505,0.95,63,"2,048.00",32.51,"6,624.00","23,939.00",3.61,1,1,1,14,10,0.71,7,18,2.57,,,,12,23,1.92,416,540,1.3,,,,,,,6,6,1,,,,,,,,,,,,,,,,,,,,,,,,,,,
,,2021 - 2022,2,1,0.5,50,33,0.66,101,515,5.1,,,,"2,990.00","3,989.00",1.33,148,335,2.26,"4,130.00","3,783.00",0.92,497,"1,755.00",3.53,929,421,0.45,53,"1,242.00",23.43,"2,198.00","6,049.00",2.75,15,15,1,56,44,0.79,69,94,1.36,,,,71,92,1.3,549,"1,103.00",2.01,,,,,,,108,80,0.74,,,,51,61,1.2,3,22,7.33,,,,6,5,0.83,4,7,1.75,1,12,12,1,1,1,,,
,,2022 - 2023,1,1,1,32,29,0.91,114,580,5.09,,,,"3,188.00","4,205.00",1.32,119,292,2.45,"4,129.00","3,951.00",0.96,937,"4,725.00",5.04,867,750,0.87,36,920,25.56,"7,313.00","21,515.00",2.94,16,14,0.88,45,34,0.76,1,2,2,,,,11,17,1.55,489,"1,136.00",2.32,,,,,,,152,180,1.18,,,,17,22,1.29,1,8,8,15,48,3.2,12,7,0.58,,,,6,44,7.33,3,3,1,1,21,21
,11. Mahabubabad,2018 - 2019,,,,776,669,0.86,512,"2,152.00",4.2,,,,,,,"5,588.00","8,952.00",1.6,"1,140.00","1,400.00",1.23,"4,118.00","28,027.00",6.81,601,599,1,180,"5,247.00",29.15,"14,264.00","49,853.00",3.5,,,,9,6,0.67,2,4,2,155,810,5.23,330,266,0.81,,,,1,,0,,,,7,4,0.57,,,,,,,,,,,,,,,,,,,,,,,,,,,
,,2019 - 2020,,,,733,768,1.05,40,117,2.93,,,,,,,"1,758.00","3,079.00",1.75,798,351,0.44,"20,686.00","1,15,831.00",5.6,473,507,1.07,102,"3,494.00",34.25,"46,056.00","1,55,301.00",3.37,,,,38,24,0.63,,,,8,24,3,304,547,1.8,,,,,,,,,,1,1,1,,,,,,,,,,,,,3,3,1,,,,,,,,,,,,
,,2020 - 2021,,,,"1,596.00","1,314.00",0.82,551,"4,433.00",8.05,,,,8,12,1.5,"2,339.00","4,759.00",2.03,"1,142.00","1,688.00",1.48,"10,111.00","66,646.00",6.59,"1,568.00","1,307.00",0.83,83,"2,698.00",32.51,"64,077.00","2,27,858.00",3.56,,,,81,55,0.68,119,317,2.66,58,211,3.64,645,"1,212.00",1.88,,,,1,1,1,,,,,,,,,,,,,,,,,,,7,12,1.71,,,,5,45,9,,,,,,
,,2021 - 2022,,,,"2,474.00",814,0.33,68,347,5.1,,,,10,14,1.4,"1,031.00","1,724.00",1.67,"1,092.00",876,0.8,"12,177.00","72,879.00",5.98,"2,211.00","1,817.00",0.82,39,914,23.44,"36,124.00","1,13,610.00",3.15,8,8,1,78,61,0.78,440,598,1.36,115,349,3.03,918,565,0.62,2,4,2,,,,,,,12,9,0.75,,,,,,,1,5,5,,,,6,5,0.83,,,,9,104,11.56,2,1,0.5,,,
,,2022 - 2023,,,,838,503,0.6,6,31,5.17,,,,4,6,1.5,280,556,1.99,414,492,1.19,"18,432.00","1,19,753.00",6.5,"1,033.00","1,056.00",1.02,4,102,25.5,"58,373.00","1,70,683.00",2.92,,,,35,26,0.74,144,269,1.87,81,90,1.11,223,197,0.88,,,,2,7,3.5,,,,5,6,1.2,,,,,,,,,,23,70,3.04,25,15,0.6,,,,1,7,7,,,,,,
,12. Mahbubnagar,2018 - 2019,,,,14,16,1.14,,,,,,,,,,"2,530.00","5,655.00",2.24,,,,27,176,6.52,,,,235,"7,516.00",31.98,"6,839.00","17,727.00",2.59,,,,,,,,,,,,,,,,,,,,,,41,30,0.73,3,1,0.33,,,,,,,,,,,,,4,3,0.75,84,82,0.98,,,,,,,,,
,,2019 - 2020,,,,16,16,1,12,71,5.92,,,,5,7,1.4,"3,900.00","8,192.00",2.1,17,36,2.12,177,"1,226.00",6.93,2,2,1,220,"9,671.00",43.96,"17,109.00","56,682.00",3.31,2,2,1,3,2,0.67,,,,,,,2,4,2,,,,,,,100,84,0.84,4,2,0.5,,,,,,,,,,,,,5,4,0.8,176,282,1.6,,,,,,,,,
,,2020 - 2021,,,,45,49,1.09,37,220,5.95,,,,20,34,1.7,"3,861.00","11,039.00",2.86,27,71,2.63,412,"3,234.00",7.85,5,5,1,242,"7,017.00",29,"48,979.00","1,78,871.00",3.65,6,6,1,2,2,1,12,35,2.92,,,,11,21,1.91,1,3,3,,,,86,38,0.44,2,1,0.5,,,,,,,,,,,,,17,29,1.71,264,354,1.34,,,,,,,,,
,,2021 - 2022,,,,77,51,0.66,38,194,5.11,1,4,4,66,93,1.41,"8,980.00","26,240.00",2.92,72,143,1.99,"1,063.00","5,578.00",5.25,45,43,0.96,294,"7,492.00",25.48,"29,345.00","1,02,737.00",3.5,33,33,1,9,7,0.78,10,14,1.4,,,,210,272,1.3,7,14,2,,,,166,152,0.92,7,5,0.71,,,,,,,,,,,,,25,20,0.8,723,"1,146.00",1.59,1,12,12,1,1,1,,,
,,2022 - 2023,1,1,1,26,23,0.88,15,76,5.07,,,,2,3,1.5,"4,709.00","8,895.00",1.89,173,357,2.06,"1,962.00","13,591.00",6.93,2,2,1,123,"2,739.00",22.27,"59,454.00","2,09,694.00",3.53,4,4,1,,,,4,7,1.75,,,,24,38,1.58,2,4,2,,,,228,258,1.13,,,,,,,,,,1,8,8,3,8,2.67,16,10,0.63,108,98,0.91,,,,,,,,,
,13. Mancherial,2018 - 2019,,,,,,,,,,,,,212,333,1.57,182,453,2.49,232,383,1.65,420,"2,586.00",6.16,150,142,0.95,86,"2,507.00",29.15,"20,738.00","75,860.00",3.66,2,1,0.5,25,18,0.72,,,,,,,35,52,1.49,,,,,,,,,,122,97,0.8,,,,,,,,,,,,,1,1,1,,,,14,89,6.36,,,,,,
,,2019 - 2020,1,1,1,5,5,1,7,41,5.86,,,,159,243,1.53,83,195,2.35,183,389,2.13,557,"3,253.00",5.84,166,157,0.95,35,"1,199.00",34.26,"38,616.00","1,64,002.00",4.25,,,,24,15,0.63,,,,,,,19,34,1.79,3,6,2,,,,,,,102,70,0.69,,,,,,,,,,,,,,,,,,,6,94,15.67,,,,,,
,,2020 - 2021,13,14,1.08,19,21,1.11,52,315,6.06,,,,104,173,1.66,149,354,2.38,414,"1,047.00",2.53,375,"2,949.00",7.86,288,273,0.95,24,780,32.5,"44,712.00","1,74,690.00",3.91,,,,91,62,0.68,53,145,2.74,,,,30,62,2.07,8,21,2.63,,,,6,2,0.33,54,53,0.98,,,,,,,,,,,,,1,1,1,,,,6,53,8.83,,,,,,
,,2021 - 2022,1,1,1,61,40,0.66,121,617,5.1,2,8,4,172,254,1.48,259,886,3.42,260,246,0.95,667,"2,594.00",3.89,715,"1,380.00",1.93,27,633,23.44,"25,313.00","77,002.00",3.04,1,1,1,434,337,0.78,159,216,1.36,,,,406,526,1.3,53,106,2,,,,,,,101,75,0.74,,,,3,5,1.67,,,,,,,1,1,1,,,,5,58,11.6,,,,,,
,,2022 - 2023,,,,4,4,1,166,844,5.08,,,,75,118,1.57,120,292,2.43,177,302,1.71,867,"5,076.00",5.85,141,160,1.13,4,102,25.5,"41,820.00","1,36,291.00",3.26,3,3,1,49,37,0.76,1,2,2,,,,27,42,1.56,2,4,2,,,,,,,91,108,1.19,,,,,,,,,,67,178,2.66,1,1,1,,,,5,36,7.2,,,,,,
,14. Medak,2018 - 2019,,,,,,,10,61,6.1,,,,281,338,1.2,41,102,2.49,502,"1,067.00",2.13,"2,086.00","10,732.00",5.14,10,9,0.9,507,"12,184.00",24.03,"11,881.00","38,233.00",3.22,12,7,0.58,13,9,0.69,86,169,1.97,,,,7,10,1.43,102,191,1.87,,,,,,,,,,,,,,,,,,,,,,7,4,0.57,,,,,,,16,16,1,11,204,18.55
,,2019 - 2020,3,3,1,2,2,1,,,,2,9,4.5,418,395,0.94,36,83,2.31,965,"2,794.00",2.9,"3,494.00","21,298.00",6.1,4,4,1,342,"8,893.00",26,"31,649.00","1,18,399.00",3.74,12,13,1.08,26,17,0.65,116,259,2.23,,,,5,9,1.8,76,140,1.84,7,9,1.29,11,14,1.27,,,,,,,,,,,,,,,,5,4,0.8,3,5,1.67,,,,,,,16,200,12.5
,,2020 - 2021,,,,1,1,1,5,29,5.8,,,,385,641,1.66,152,361,2.38,"1,375.00","4,782.00",3.48,566,"3,113.00",5.5,8,8,1,571,"14,777.00",25.88,"69,279.00","3,46,118.00",5,15,14,0.93,25,16,0.64,161,431,2.68,,,,12,21,1.75,30,79,2.63,18,18,1,1,1,1,1,1,1,1,9,9,,,,,,,,,,5,8,1.6,2,3,1.5,,,,,,,14,171,12.21
,,2021 - 2022,3,2,0.67,71,47,0.66,18,92,5.11,,,,740,875,1.18,"1,481.00","3,356.00",2.27,"2,424.00","6,041.00",2.49,"2,580.00","17,348.00",6.72,88,84,0.95,610,"10,859.00",17.8,"57,412.00","2,15,525.00",3.75,69,68,0.99,321,249,0.78,950,757,0.8,,,,365,473,1.3,291,585,2.01,22,22,1,16,25,1.56,5,4,0.8,,,,10,17,1.7,2,15,7.5,,,,15,12,0.8,7,12,1.71,1,12,12,,,,19,240,12.63
,,2022 - 2023,3,2,0.67,3,3,1,6,31,5.17,,,,349,304,0.87,46,113,2.46,"2,426.00","4,905.00",2.02,"1,362.00","7,551.00",5.54,,,,537,"15,570.00",28.99,"1,05,357.00","3,50,417.00",3.33,26,23,0.88,3,2,0.67,143,290,2.03,,,,4,6,1.5,13,27,2.08,11,36,3.27,4,5,1.25,,,,,,,,,,,,,16,43,2.69,1,1,1,,,,5,36,7.2,,,,8,166,20.75
,15. Medchal,2018 - 2019,,,,,,,,,,,,,66,104,1.58,,,,7,12,1.71,93,605,6.51,,,,,,,"2,702.00","9,084.00",3.36,,,,26,18,0.69,1,2,2,,,,,,,,,,,,,,,,,,,,,,,,,,,,,,,,,,,,,,,,,,,,,
,,2019 - 2020,,,,,,,5,29,5.8,,,,24,37,1.54,,,,7,15,2.14,48,331,6.9,,,,2,69,34.5,"3,877.00","13,360.00",3.45,,,,,,,,,,,,,,,,,,,,,,,,,,,,,,,,,,,,,,,,9,8,0.89,,,,,,,,,,,,
,,2020 - 2021,,,,,,,,,,,,,6,9,1.5,,,,3,8,2.67,31,248,8,,,,,,,"5,501.00","21,217.00",3.86,,,,,,,1,2,2,,,,,,,1,3,3,4,4,1,,,,,,,,,,,,,,,,,,,4,6,1.5,,,,,,,,,,,,
,,2021 - 2022,,,,10,7,0.7,5,25,5,,,,6,8,1.33,5,11,2.2,12,24,2,150,"1,108.00",7.39,3,3,1,5,117,23.4,"1,996.00","6,689.00",3.35,1,1,1,4,3,0.75,12,16,1.33,,,,31,40,1.29,11,22,2,7,7,1,1,2,2,1,1,1,5,47,9.4,,,,,,,,,,3,2,0.67,,,,,,,2,1,0.5,2,48,24
,,2022 - 2023,,,,2,2,1,3,15,5,,,,2,3,1.5,,,,2,4,2,119,775,6.51,,,,,,,"5,644.00","20,364.00",3.61,,,,,,,13,24,1.85,,,,1,2,2,1,2,2,5,16,3.2,,,,,,,,,,,,,,,,6,17,2.83,2,1,0.5,,,,,,,,,,,,
,16. Mulugu,2018 - 2019,,,,141,158,1.12,"3,256.00","21,389.00",6.57,,,,,,,364,772,2.12,4,7,1.75,"2,394.00","17,459.00",7.29,683,482,0.71,1,29,29,"13,416.00","44,595.00",3.32,,,,19,13,0.68,3,6,2,2,10,5,365,242,0.66,,,,,,,,,,8,5,0.63,,,,,,,,,,,,,,,,,,,,,,,,,,,
,,2019 - 2020,,,,351,341,0.97,"3,815.00","27,415.00",7.19,,,,4,6,1.5,378,683,1.81,,,,"2,631.00","28,830.00",10.96,784,693,0.88,64,"2,192.00",34.25,"16,336.00","62,502.00",3.83,,,,22,14,0.64,,,,1,3,3,420,756,1.8,,,,,,,,,,,,,,,,,,,,,,,,,,,,,,,,,,,,,,,
,,2020 - 2021,,,,89,122,1.37,"5,120.00","31,104.00",6.08,,,,4,7,1.75,417,989,2.37,1,2,2,"2,020.00","16,904.00",8.37,638,484,0.76,1,33,33,"21,605.00","75,661.00",3.5,,,,4,3,0.75,2,5,2.5,1,4,4,381,718,1.88,,,,,,,,,,8,7,0.88,,,,,,,,,,,,,,,,,,,,,,,,,,,
,,2021 - 2022,1,1,1,131,86,0.66,"6,184.00","36,683.00",5.93,,,,14,20,1.43,256,308,1.2,46,91,1.98,"1,628.00","15,017.00",9.22,366,238,0.65,,,,"6,724.00","20,522.00",3.05,1,1,1,259,201,0.78,17,23,1.35,,,,254,193,0.76,1,2,2,3,3,1,,,,11,8,0.73,,,,2,3,1.5,,,,,,,13,11,0.85,,,,,,,,,,,,
,,2022 - 2023,,,,206,186,0.9,"7,873.00","36,909.00",4.69,,,,,,,517,"1,396.00",2.7,24,50,2.08,"2,048.00","12,945.00",6.32,253,168,0.66,1,26,26,"19,777.00","66,767.00",3.38,,,,14,11,0.79,3,6,2,,,,126,64,0.51,,,,,,,,,,,,,,,,,,,20,150,7.5,20,58,2.9,,,,,,,,,,,,,,,
,17. Nagarkurnool,2018 - 2019,,,,,,,84,516,6.14,,,,229,359,1.57,"45,651.00","1,12,484.00",2.46,525,868,1.65,260,"1,691.00",6.5,2,2,1,52,"1,516.00",29.15,"16,758.00","44,560.00",2.66,,,,35,25,0.71,2,4,2,,,,307,454,1.48,,,,,,,232,107,0.46,16,6,0.38,,,,,,,,,,,,,83,53,0.64,17,17,1,,,,,,,,,
,,2019 - 2020,,,,36,35,0.97,84,495,5.89,,,,188,287,1.53,"49,722.00","1,07,137.00",2.15,887,"1,887.00",2.13,"2,798.00","19,388.00",6.93,56,53,0.95,23,788,34.26,"36,066.00","1,24,752.00",3.46,,,,48,31,0.65,8,18,2.25,,,,828,"1,490.00",1.8,,,,2,2,1,"1,012.00","1,956.00",1.93,26,19,0.73,,,,,,,,,,,,,31,27,0.87,11,16,1.45,2,31,15.5,1,2,2,,,
,,2020 - 2021,,,,32,35,1.09,456,"2,736.00",6,,,,94,159,1.69,"54,773.00","1,42,253.00",2.6,510,"1,287.00",2.52,"3,225.00","25,300.00",7.84,304,288,0.95,78,"2,536.00",32.51,"59,787.00","2,01,064.00",3.36,17,16,0.94,102,69,0.68,23,63,2.74,,,,"4,234.00","7,956.00",1.88,6,16,2.67,8,8,1,479,109,0.23,64,32,0.5,,,,,,,,,,,,,93,150,1.61,22,31,1.41,1,9,9,2,2,1,,,
,,2021 - 2022,,,,16,11,0.69,121,617,5.1,,,,126,158,1.25,"60,541.00","1,30,345.00",2.15,388,311,0.8,"4,346.00","21,561.00",4.96,180,172,0.96,81,"1,898.00",23.43,"23,507.00","68,382.00",2.91,68,67,0.99,32,25,0.78,122,166,1.36,,,,"8,365.00","8,131.00",0.97,5,10,2,12,12,1,479,776,1.62,20,15,0.75,,,,,,,,,,,,,105,85,0.81,8,15,1.88,,,,2,1,0.5,,,
,,2022 - 2023,,,,38,34,0.89,172,728,4.23,,,,41,49,1.2,"47,682.00","1,20,922.00",2.54,586,645,1.1,"8,478.00","45,120.00",5.32,43,50,1.16,21,536,25.52,"62,949.00","2,19,251.00",3.48,17,15,0.88,5,4,0.8,13,24,1.85,,,,"5,576.00","7,143.00",1.28,2,4,2,8,26,3.25,644,609,0.95,11,13,1.18,,,,,,,,,,91,211,2.32,62,30,0.48,8,7,0.88,,,,,,,1,21,21
,18. Nalgonda,2018 - 2019,,,,81,91,1.12,60,369,6.15,,,,125,196,1.57,"3,529.00","5,968.00",1.69,11,18,1.64,16,104,6.5,12,11,0.92,,,,"86,191.00","2,83,655.00",3.29,,,,12,8,0.67,,,,,,,15,22,1.47,,,,,,,5,4,0.8,,,,,,,,,,,,,,,,78,49,0.63,,,,,,,,,,,,
,,2019 - 2020,,,,84,82,0.98,63,371,5.89,,,,114,174,1.53,"4,592.00","7,817.00",1.7,47,100,2.13,26,180,6.92,56,53,0.95,2,69,34.5,"1,48,819.00","5,12,086.00",3.44,,,,2,1,0.5,,,,,,,92,166,1.8,,,,7,9,1.29,20,26,1.3,,,,,,,,,,,,,,,,96,84,0.88,,,,,,,,,,,,
,,2020 - 2021,4,4,1,150,164,1.09,9,56,6.22,,,,54,90,1.67,"7,475.00","11,601.00",1.55,33,80,2.42,31,244,7.87,259,245,0.95,14,455,32.5,"1,86,197.00","6,85,019.00",3.68,,,,2,1,0.5,7,19,2.71,,,,94,176,1.87,3,8,2.67,21,20,0.95,7,2,0.29,1,1,1,,,,,,,,,,,,,64,104,1.63,2,4,2,,,,,,,,,
,,2021 - 2022,7,4,0.57,197,129,0.65,150,765,5.1,,,,84,96,1.14,"15,035.00","35,573.00",2.37,110,218,1.98,126,931,7.39,901,863,0.96,27,633,23.44,"1,75,239.00","5,66,372.00",3.23,19,19,1,27,21,0.78,91,124,1.36,,,,494,640,1.3,1,2,2,37,37,1,48,74,1.54,7,5,0.71,,,,,,,,,,,,,45,43,0.96,1,2,2,2,23,11.5,,,,,,
,,2022 - 2023,2,1,0.5,204,184,0.9,247,"1,256.00",5.09,,,,19,30,1.58,"8,414.00","19,571.00",2.33,250,516,2.06,132,859,6.51,508,765,1.51,6,153,25.5,"2,25,262.00","8,37,749.00",3.72,2,2,1,4,3,0.75,6,11,1.83,,,,22,35,1.59,1,2,2,42,137,3.26,101,123,1.22,2,2,1,,,,,,,,,,45,96,2.13,13,9,0.69,,,,,,,,,,,,
,19. Narayanapet,2018 - 2019,,,,,,,,,,,,,453,711,1.57,"5,354.00","11,966.00",2.23,744,451,0.61,,,,,,,254,"8,123.00",31.98,"10,892.00","28,232.00",2.59,4,2,0.5,,,,,,,,,,,,,,,,,,,5,4,0.8,,,,,,,,,,,,,,,,64,41,0.64,2,2,1,,,,,,,,,
,,2019 - 2020,,,,25,24,0.96,,,,,,,94,144,1.53,"2,360.00","4,916.00",2.08,644,806,1.25,32,222,6.94,7,7,1,89,"3,048.00",34.25,"26,102.00","87,885.00",3.37,21,23,1.1,5,3,0.6,,,,,,,,,,,,,,,,70,112,1.6,,,,,,,,,,,,,,,,60,52,0.87,21,33,1.57,,,,,,,,,
,,2020 - 2021,1,1,1,144,157,1.09,,,,,,,109,183,1.68,"3,376.00","6,525.00",1.93,"1,237.00","1,382.00",1.12,27,209,7.74,174,166,0.95,178,"5,786.00",32.51,"41,124.00","1,35,586.00",3.3,84,78,0.93,26,18,0.69,6,18,3,,,,7,14,2,,,,,,,81,32,0.4,21,18,0.86,,,,,,,,,,,,,36,60,1.67,37,51,1.38,,,,,,,,,
,,2021 - 2022,,,,331,217,0.66,46,234,5.09,3,12,4,154,242,1.57,"6,556.00","13,335.00",2.03,"1,063.00","1,192.00",1.12,108,798,7.39,303,290,0.96,214,"5,015.00",23.43,"24,776.00","86,047.00",3.47,180,178,0.99,16,12,0.75,58,79,1.36,,,,349,452,1.3,3,6,2,15,15,1,184,401,2.18,130,97,0.75,,,,8,14,1.75,,,,,,,28,23,0.82,140,265,1.89,,,,,,,,,
,,2022 - 2023,,,,153,138,0.9,41,209,5.1,,,,140,166,1.19,"4,083.00","9,040.00",2.21,847,830,0.98,30,195,6.5,16,11,0.69,218,"6,277.00",28.79,"56,603.00","1,90,016.00",3.36,388,349,0.9,3,2,0.67,17,32,1.88,,,,39,61,1.56,,,,3,10,3.33,269,406,1.51,31,37,1.19,,,,,,,,,,82,187,2.28,10,7,0.7,11,11,1,,,,,,,,,
,20. Nirmal,2018 - 2019,397,411,1.04,,,,,,,20,51,2.55,"12,936.00","23,828.00",1.84,328,816,2.49,"2,293.00","5,904.00",2.57,"15,269.00","1,26,336.00",8.27,142,135,0.95,474,"13,817.00",29.15,"17,119.00","59,043.00",3.45,173,196,1.13,"4,129.00","2,932.00",0.71,,,,2,10,5,61,90,1.48,996,"1,918.00",1.93,764,380,0.5,,,,,,,,,,,,,,,,,,,,,,6,6,1,,,,,,,,,
,,2019 - 2020,60,56,0.93,,,,10,59,5.9,5,24,4.8,"24,485.00","39,751.00",1.62,146,341,2.34,"2,382.00","2,206.00",0.93,"33,025.00","2,90,606.00",8.8,59,56,0.95,166,"5,686.00",34.25,"40,684.00","1,57,488.00",3.87,107,118,1.1,"6,402.00","2,535.00",0.4,,,,4,12,3,6,11,1.83,668,"1,214.00",1.82,439,,0,,,,,,,,,,,,,,,,,,,2,2,1,,,,,,,,,,,,
,,2020 - 2021,63,67,1.06,3,3,1,19,116,6.11,5,0,0,"22,501.00","39,315.00",1.75,418,990,2.37,"3,137.00","8,137.00",2.59,"19,378.00","1,77,863.00",9.18,259,246,0.95,79,"2,546.00",32.23,"38,411.00","1,55,833.00",4.06,51,47,0.92,"7,110.00","2,969.00",0.42,84,226,2.69,,,,28,51,1.82,"1,195.00","2,482.00",2.08,500,464,0.93,2,1,0.5,,,,,,,,,,,,,,,,2,3,1.5,,,,,,,1,1,1,,,
,,2021 - 2022,51,24,0.47,36,24,0.67,18,92,5.11,,,,"27,428.00","42,980.00",1.57,541,"1,289.00",2.38,"3,213.00","5,080.00",1.58,"29,437.00","2,71,026.00",9.21,284,272,0.96,48,"1,417.00",29.52,"23,247.00","84,340.00",3.63,25,25,1,"8,246.00","5,714.00",0.69,332,452,1.36,,,,45,58,1.29,641,461,0.72,45,45,1,6,9,1.5,6,4,0.67,1,9,9,58,82,1.41,8,58,7.25,,,,2,2,1,,,,,,,,,,,,
,,2022 - 2023,43,27,0.63,10,9,0.9,6,31,5.17,,,,"27,370.00","44,312.00",1.62,50,164,3.28,"2,606.00","5,306.00",2.04,"33,926.00","2,78,329.00",8.2,35,39,1.11,10,255,25.5,"43,565.00","1,48,644.00",3.41,43,39,0.91,"2,414.00","1,523.00",0.63,121,226,1.87,9,27,3,9,14,1.56,255,562,2.2,3,6,2,3,4,1.33,3,4,1.33,,,,44,56,1.27,2,15,7.5,1,3,3,1,1,1,,,,,,,,,,,,
,21. Nizamabad,2018 - 2019,12,12,1,,,,231,"1,419.00",6.14,32,82,2.56,"11,181.00","20,394.00",1.82,81,202,2.49,186,307,1.65,"6,149.00","35,461.00",5.77,243,230,0.95,843,"25,273.00",29.98,"67,088.00","2,65,937.00",3.96,211,467,2.21,"5,303.00","5,404.00",1.02,"1,189.00","2,330.00",1.96,584,"1,571.00",2.69,38,56,1.47,96,180,1.88,"5,072.00","2,521.00",0.5,,,,,,,,,,,,,,,,,,,,,,,,,,,,,,,,,
,,2019 - 2020,60,56,0.93,,,,37,218,5.89,3,11,3.67,"12,170.00","17,952.00",1.48,16,37,2.31,117,249,2.13,"13,340.00","79,250.00",5.94,80,76,0.95,513,"17,022.00",33.18,"1,30,653.00","5,26,924.00",4.03,297,646,2.18,"5,595.00","4,610.00",0.82,"3,282.00","7,322.00",2.23,106,333,3.14,67,121,1.81,66,122,1.85,"6,497.00","7,900.00",1.22,,,,,,,,,,,,,,,,,,,,,,,,,,,,,,,,,
,,2020 - 2021,60,29,0.48,3,3,1,64,393,6.14,2,0,0,"10,630.00","18,938.00",1.78,17,43,2.53,723,"1,818.00",2.51,"2,142.00","13,402.00",6.26,52,51,0.98,421,"14,257.00",33.86,"1,55,989.00","6,57,962.00",4.22,25,18,0.72,"3,868.00","3,786.00",0.98,"2,535.00","6,789.00",2.68,28,36,1.29,53,104,1.96,40,106,2.65,"6,590.00","6,125.00",0.93,1,0,0,,,,,,,,,,,,,,,,10,16,1.6,,,,1,9,9,,,,,,
,,2021 - 2022,10,14,1.4,14,9,0.64,68,347,5.1,1,4,4,"9,644.00","13,743.00",1.43,743,"1,684.00",2.27,734,"1,492.00",2.03,"5,055.00","41,486.00",8.21,111,82,0.74,438,"13,657.00",31.18,"1,34,574.00","5,37,085.00",3.99,73,72,0.99,"6,027.00","5,442.00",0.9,"6,522.00","8,909.00",1.37,457,"1,648.00",3.61,487,631,1.3,95,191,2.01,"2,898.00","2,936.00",1.01,7,11,1.57,18,13,0.72,,,,302,683,2.26,21,119,5.67,,,,6,5,0.83,1,2,2,1,12,12,,,,,,
,,2022 - 2023,73,46,0.63,2,2,1,25,127,5.08,,,,"8,627.00","14,709.00",1.7,6,15,2.5,230,557,2.42,"9,694.00","82,128.00",8.47,12,12,1,101,"2,385.00",23.61,"1,61,805.00","6,29,421.00",3.89,112,101,0.9,"5,201.00","4,280.00",0.82,"2,187.00","3,571.00",1.63,494,"1,654.00",3.35,172,270,1.57,26,54,2.08,"2,393.00","7,804.00",3.26,1,1,1,22,26,1.18,,,,324,156,0.48,1,6,6,2,5,2.5,4,2,0.5,,,,,,,,,,,,
,22. Peddapalli,2018 - 2019,2,2,1,24,27,1.13,,,,,,,205,322,1.57,38,95,2.5,,,,"3,434.00","22,702.00",6.61,227,215,0.95,2,58,29,"40,312.00","1,57,015.00",3.89,,,,277,194,0.7,,,,,,,,,,,,,,,,,,,,,,,,,,,,,,,,,,,,,,,,,,,,,,,,
,,2019 - 2020,1,1,1,11,11,1,,,,,,,60,92,1.53,3,7,2.33,12,26,2.17,"3,704.00","26,257.00",7.09,43,41,0.95,3,103,34.33,"77,967.00","3,18,027.00",4.08,,,,26,17,0.65,,,,,,,6,11,1.83,,,,,,,,,,,,,,,,,,,,,,,,,,,,,,,,,,,,,,,
,,2020 - 2021,2,2,1,9,10,1.11,,,,,,,28,47,1.68,93,222,2.39,,,,"3,850.00","27,558.00",7.16,36,34,0.94,3,98,32.67,"79,962.00","3,31,602.00",4.15,,,,115,79,0.69,94,249,2.65,,,,17,32,1.88,,,,,,,,,,1,1,1,,,,,,,,,,,,,1,1,1,,,,,,,,,,,,
,,2021 - 2022,2,1,0.5,45,30,0.67,44,224,5.09,1,4,4,80,113,1.41,231,523,2.26,40,79,1.98,"4,943.00","32,500.00",6.57,248,238,0.96,12,281,23.42,"67,679.00","2,56,233.00",3.79,6,6,1,369,287,0.78,253,344,1.36,,,,327,423,1.29,37,74,2,,,,,,,,,,,,,3,5,1.67,6,44,7.33,,,,,,,,,,,,,,,,,,
,,2022 - 2023,,,,7,6,0.86,13,66,5.08,,,,11,17,1.55,16,39,2.44,,,,"4,723.00","33,425.00",7.08,7,7,1,1,26,26,"83,904.00","3,23,030.00",3.85,,,,76,57,0.75,2,4,2,,,,1,2,2,,,,1,3,3,,,,1,1,1,,,,1,1,1,,,,3,12,4,,,,,,,,,,,,,,,
,23. Rajanna,2018 - 2019,3,3,1,6,7,1.17,,,,,,,330,518,1.57,149,371,2.49,,,,405,"2,721.00",6.72,146,138,0.95,46,"1,341.00",29.15,"19,023.00","67,037.00",3.52,,,,151,106,0.7,6,12,2,,,,2,3,1.5,,,,,,,5,4,0.8,,,,,,,,,,,,,,,,,,,,,,,,,,,,,,
,,2019 - 2020,17,16,0.94,3,3,1,,,,,,,303,464,1.53,32,74,2.31,9,19,2.11,525,"3,628.00",6.91,71,67,0.94,8,274,34.25,"53,823.00","2,12,601.00",3.95,,,,56,36,0.64,2,4,2,,,,,,,47,87,1.85,,,,9,12,1.33,,,,,,,,,,,,,,,,5,4,0.8,,,,,,,,,,,,
,,2020 - 2021,27,29,1.07,15,16,1.07,,,,4,0,0,242,407,1.68,47,113,2.4,5,13,2.6,305,"2,409.00",7.9,232,218,0.94,16,520,32.5,"67,650.00","2,74,321.00",4.06,,,,196,134,0.68,97,259,2.67,,,,4,10,2.5,71,187,2.63,,,,5,2,0.4,,,,,,,,,,,,,,,,5,7,1.4,,,,,,,1,1,1,,,
,,2021 - 2022,,,,103,68,0.66,25,127,5.08,1,4,4,366,447,1.22,265,600,2.26,166,329,1.98,876,"4,587.00",5.24,508,487,0.96,26,609,23.42,"48,112.00","2,07,651.00",4.32,33,33,1,759,590,0.78,464,631,1.36,2,6,3,320,414,1.29,103,207,2.01,,,,12,18,1.5,16,12,0.75,,,,4,7,1.75,8,59,7.38,,,,10,8,0.8,2,3,1.5,,,,,,,1,24,24
,,2022 - 2023,9,6,0.67,5,5,1,12,61,5.08,,,,152,170,1.12,26,64,2.46,1,2,2,314,"2,417.00",7.7,25,23,0.92,4,102,25.5,"69,204.00","2,55,155.00",3.69,,,,85,36,0.42,135,252,1.87,,,,1,2,2,34,70,2.06,,,,2,2,1,,,,,,,,,,,,,8,31,3.88,2,1,0.5,,,,,,,,,,,,
,24. Rangareddi,2018 - 2019,54,54,1,,,,24,147,6.13,,,,"2,233.00","2,541.00",1.14,538,"1,459.00",2.71,311,514,1.65,924,"3,020.00",3.27,,,,236,"4,642.00",19.67,"6,552.00","12,599.00",1.92,63,38,0.6,,,,71,139,1.96,,,,,,,27,51,1.89,1,,0,,,,,,,,,,,,,,,,,,,54,34,0.63,,,,23,146,6.35,,,,17,316,18.59
,,2019 - 2020,2,2,1,3,3,1,43,253,5.88,,,,"2,788.00","4,002.00",1.44,624,"2,495.00",4,228,485,2.13,952,"3,490.00",3.67,,,,149,"2,478.00",16.63,"16,222.00","44,659.00",2.75,317,350,1.1,3,2,0.67,9,20,2.22,,,,,,,14,26,1.86,14,17,1.21,15,6,0.4,,,,,,,,,,,,,,,,29,25,0.86,2,3,1.5,8,125,15.63,,,,3,38,12.67
,,2020 - 2021,9,10,1.11,8,9,1.13,19,119,6.26,,,,"3,422.00","4,779.00",1.4,"1,868.00","4,779.00",2.56,494,"1,243.00",2.52,"1,096.00","7,317.00",6.68,8,8,1,99,"2,304.00",23.27,"40,215.00","1,48,353.00",3.69,934,"1,178.00",1.26,17,11,0.65,101,274,2.71,,,,11,21,1.91,51,135,2.65,42,39,0.93,19,3,0.16,,,,2,18,9,,,,,,,,,,21,33,1.57,5,6,1.2,12,107,8.92,,,,5,61,12.2
,,2021 - 2022,13,8,0.62,32,21,0.66,115,586,5.1,,,,"2,906.00","3,356.00",1.15,"4,100.00","8,212.00",2,281,763,2.72,"4,105.00","24,326.00",5.93,30,29,0.97,222,"5,203.00",23.44,"6,573.00","20,672.00",3.14,"2,066.00","3,140.00",1.52,15,12,0.8,474,645,1.36,,,,57,74,1.3,33,66,2,24,26,1.08,52,80,1.54,13,10,0.77,,,,7,12,1.71,,,,,,,15,12,0.8,8,13,1.63,19,194,10.21,,,,23,554,24.09
,,2022 - 2023,3,2,0.67,1,1,1,41,209,5.1,,,,"1,795.00","2,648.00",1.48,"1,989.00","4,883.00",2.46,262,503,1.92,"5,475.00","40,154.00",7.33,3,3,1,96,"2,452.00",25.54,"36,605.00","1,35,182.00",3.69,"2,144.00","2,041.00",0.95,,,,264,492,1.86,,,,,,,7,15,2.14,9,29,3.22,80,97,1.21,7,8,1.14,,,,1,1,1,,,,17,38,2.24,5,3,0.6,,,,15,169,11.27,,,,8,144,18
,25. Sangareddy,2018 - 2019,9,9,1,,,,2,12,6,2,5,2.5,"7,156.00","9,074.00",1.27,113,281,2.49,"2,667.00","2,582.00",0.97,880,"2,459.00",2.79,,,,"1,347.00","51,675.00",38.36,"5,968.00","16,311.00",2.73,"1,094.00",396,0.36,,,,,,,,,,,,,226,173,0.77,,,,2,2,1,,,,,,,,,,,,,,,,,,,1,1,1,,,,1,1,1,"1,183.00","27,823.00",23.52
,,2019 - 2020,9,8,0.89,2,2,1,12,71,5.92,,,,"9,477.00","12,763.00",1.35,31,72,2.32,"5,543.00","7,694.00",1.39,"1,114.00","3,978.00",3.57,,,,694,"15,200.00",21.9,"9,494.00","29,754.00",3.13,569,354,0.62,17,11,0.65,3,7,2.33,,,,,,,110,138,1.25,3,1,0.33,1,1,1,,,,,,,,,,,,,,,,30,26,0.87,,,,1,16,16,,,,585,"8,405.00",14.37
,,2020 - 2021,55,58,1.05,3,3,1,20,126,6.3,26,0,0,"12,120.00","14,946.00",1.23,212,509,2.4,"7,177.00","10,709.00",1.49,625,"3,057.00",4.89,2,2,1,631,"16,722.00",26.5,"32,972.00","1,22,293.00",3.71,"1,044.00",770,0.74,47,33,0.7,143,383,2.68,,,,26,50,1.92,470,"1,241.00",2.64,3,2,0.67,8,3,0.38,,,,,,,,,,,,,,,,20,33,1.65,,,,,,,,,,"1,210.00","14,023.00",11.59
,,2021 - 2022,83,51,0.61,34,22,0.65,55,280,5.09,28,91,3.25,"17,085.00","21,151.00",1.24,"1,319.00","2,989.00",2.27,"9,216.00","21,851.00",2.37,"2,014.00","6,455.00",3.21,26,25,0.96,"1,213.00","27,582.00",22.74,"8,777.00","30,553.00",3.48,"2,548.00","1,575.00",0.62,222,172,0.77,738,"1,004.00",1.36,9,27,3,283,366,1.29,418,598,1.43,14,14,1,16,25,1.56,70,52,0.74,108,"1,020.00",9.44,186,273,1.47,22,162,7.36,,,,21,17,0.81,2,3,1.5,,,,,,,"1,089.00","20,630.00",18.94
,,2022 - 2023,258,270,1.05,7,6,0.86,52,264,5.08,2,6,3,"9,719.00","12,304.00",1.27,105,98,0.93,"12,048.00","27,024.00",2.24,"2,384.00","8,857.00",3.72,3,3,1,"1,059.00","24,124.00",22.78,"44,318.00","1,51,213.00",3.41,"2,749.00","2,590.00",0.94,33,25,0.76,110,205,1.86,5,11,2.2,25,39,1.56,168,348,2.07,,,,1,1,1,11,13,1.18,21,187,8.9,188,307,1.63,3,23,7.67,43,161,3.74,1,1,1,,,,,,,,,,"1,078.00","21,051.00",19.53
,26. Siddipet,2018 - 2019,44,44,1,309,347,1.12,3,18,6,21,54,2.57,"2,009.00","4,534.00",2.26,"1,206.00","2,728.00",2.26,,,,"7,306.00","31,942.00",4.37,90,85,0.94,306,"3,700.00",12.09,"29,250.00","69,908.00",2.39,,,,36,25,0.69,928,"1,819.00",1.96,,,,11,16,1.45,6,11,1.83,,,,27,21,0.78,,,,6,41,6.83,,,,,,,,,,61,39,0.64,,,,,,,,,,324,965,2.98
,,2019 - 2020,35,32,0.91,230,223,0.97,17,100,5.88,10,50,5,"2,235.00","3,120.00",1.4,651,"1,174.00",1.8,,,,"9,085.00","49,769.00",5.48,93,88,0.95,145,"2,783.00",19.19,"65,196.00","2,47,419.00",3.8,,,,29,18,0.62,956,"2,133.00",2.23,,,,7,13,1.86,7,13,1.86,,,,11,14,1.27,,,,,,,,,,,,,,,,28,24,0.86,,,,,,,,,,135,"2,986.00",22.12
,,2020 - 2021,25,27,1.08,176,97,0.55,22,124,5.64,18,0,0,"2,807.00","3,337.00",1.19,721,"1,029.00",1.43,35,92,2.63,"3,751.00","28,375.00",7.56,56,54,0.96,66,"1,637.00",24.8,"1,11,270.00","4,74,344.00",4.26,24,22,0.92,96,66,0.69,"2,693.00","7,204.00",2.68,,,,24,43,1.79,9,24,2.67,24,23,0.96,9,3,0.33,,,,2,18,9,,,,,,,,,,33,56,1.7,,,,,,,,,,222,"4,867.00",21.92
,,2021 - 2022,54,33,0.61,536,352,0.66,52,265,5.1,15,79,5.27,"2,448.00","2,619.00",1.07,"1,178.00","2,694.00",2.29,146,290,1.99,"6,982.00","36,572.00",5.24,244,234,0.96,78,"1,828.00",23.44,"98,592.00","4,12,312.00",4.18,337,333,0.99,572,444,0.78,"3,594.00","5,384.00",1.5,5,10,2,129,167,1.29,47,94,2,12,12,1,48,74,1.54,116,86,0.74,3,28,9.33,10,17,1.7,1,7,7,,,,40,33,0.83,1,2,2,,,,,,,172,"5,613.00",32.63
,,2022 - 2023,18,25,1.39,142,178,1.25,32,163,5.09,,,,"1,278.00","1,668.00",1.31,537,"1,240.00",2.31,7,14,2,"6,895.00","34,978.00",5.07,12,12,1,9,230,25.56,"1,41,107.00","4,28,401.00",3.04,39,51,1.31,18,14,0.78,"2,948.00","5,923.00",2.01,5,15,3,1,2,2,2,4,2,2,7,3.5,7,9,1.29,8,9,1.13,,,,2,3,1.5,,,,13,44,3.38,25,15,0.6,,,,,,,,,,84,"2,783.00",33.13
,27. Suryapet,2018 - 2019,,,,502,309,0.62,489,"3,005.00",6.15,,,,45,71,1.58,"3,541.00","6,356.00",1.79,332,549,1.65,68,442,6.5,9,9,1,,,,"82,472.00","2,97,147.00",3.6,,,,,,,,,,,,,107,158,1.48,,,,,,,,,,,,,,,,,,,,,,,,,251,159,0.63,,,,12,76,6.33,1,1,1,,,
,,2019 - 2020,,,,97,12,0.12,709,"4,177.00",5.89,,,,47,72,1.53,"1,485.00","4,200.00",2.83,211,449,2.13,85,592,6.96,82,78,0.95,,,,"1,52,048.00","5,51,630.00",3.63,,,,,,,,,,,,,64,115,1.8,,,,,,,,,,9,7,0.78,,,,,,,,,,,,,30,26,0.87,,,,19,298,15.68,,,,,,
,,2020 - 2021,,,,93,101,1.09,265,"2,985.00",11.26,,,,124,206,1.66,"1,414.00","3,518.00",2.49,139,353,2.54,96,736,7.67,151,143,0.95,2,65,32.5,"1,74,690.00","6,69,936.00",3.83,,,,24,16,0.67,10,26,2.6,,,,108,207,1.92,,,,,,,6,2,0.33,16,12,0.75,,,,,,,,,,,,,1,2,2,,,,1,9,9,,,,,,
,,2021 - 2022,,,,139,91,0.65,157,574,3.66,,,,66,93,1.41,"1,540.00","3,581.00",2.33,208,116,0.56,43,158,3.67,168,161,0.96,3,70,23.33,"1,77,233.00","5,74,944.00",3.24,2,2,1,14,11,0.79,1,1,1,4,12,3,175,227,1.3,,,,,,,21,32,1.52,51,38,0.75,,,,,,,,,,,,,24,13,0.54,6,10,1.67,233,"2,687.00",11.53,,,,,,
,,2022 - 2023,,,,25,23,0.92,82,304,3.71,,,,13,20,1.54,349,677,1.94,190,392,2.06,211,"1,374.00",6.51,80,42,0.53,,,,"1,93,503.00","6,85,194.00",3.54,,,,11,8,0.73,,,,1,2,2,41,25,0.61,,,,1,3,3,13,16,1.23,2,2,1,,,,,,,,,,9,31,3.44,5,3,0.6,1,1,1,21,191,9.1,4,4,1,,,
,28. Vikarabad,2018 - 2019,,,,65,73,1.12,,,,,,,"2,587.00","4,168.00",1.61,"3,614.00","8,880.00",2.46,"1,301.00","1,535.00",1.18,385,"2,503.00",6.5,,,,"1,115.00","33,846.00",30.36,"4,954.00","14,094.00",2.84,245,148,0.6,14,10,0.71,10,20,2,,,,,,,92,173,1.88,,,,,,,21,13,0.62,,,,,,,,,,,,,,,,62,61,0.98,,,,,,,404,"6,708.00",16.6
,,2019 - 2020,,,,9,9,1,,,,,,,"3,501.00","5,874.00",1.68,"3,114.00","8,548.00",2.75,"1,773.00","2,128.00",1.2,"2,436.00","16,883.00",6.93,,,,"1,047.00","53,156.00",50.77,"13,303.00","47,252.00",3.55,126,110,0.87,16,10,0.63,9,20,2.22,,,,,,,46,85,1.85,,,,44,58,1.32,2,2,1,,,,,,,,,,,,,,,,41,65,1.59,,,,,,,255,826,3.24
,,2020 - 2021,6,6,1,17,19,1.12,,,,5,0,0,"8,413.00","11,872.00",1.41,"3,291.00","7,193.00",2.19,"4,098.00","8,636.00",2.11,"1,896.00","14,873.00",7.84,16,15,0.94,"1,142.00","50,023.00",43.8,"28,360.00","85,420.00",3.01,713,561,0.79,4,3,0.75,8,22,2.75,,,,6,12,2,136,359,2.64,1,1,1,,,,103,90,0.87,4,14,3.5,,,,,,,,,,12,19,1.58,22,31,1.41,10,89,8.9,,,,418,"3,652.00",8.74
,,2021 - 2022,2,1,0.5,218,143,0.66,11,56,5.09,2,8,4,"7,260.00","8,574.00",1.18,"7,757.00","18,384.00",2.37,"3,345.00","5,947.00",1.78,"2,337.00","10,776.00",4.61,53,51,0.96,"1,545.00","32,774.00",21.21,"6,923.00","20,693.00",2.99,"1,359.00","1,279.00",0.94,18,14,0.78,8,11,1.38,,,,37,48,1.3,115,231,2.01,,,,8,12,1.5,423,323,0.76,8,78,9.75,9,13,1.44,9,101,11.22,,,,10,8,0.8,112,185,1.65,1,13,13,4,3,0.75,297,"11,478.00",38.65
,,2022 - 2023,5,3,0.6,70,63,0.9,36,183,5.08,,,,"7,445.00","11,905.00",1.6,"6,890.00","14,751.00",2.14,"2,780.00","6,222.00",2.24,"2,752.00","10,708.00",3.89,1,1,1,"1,471.00","39,733.00",27.01,"36,623.00","1,17,816.00",3.22,"2,371.00","1,892.00",0.8,17,13,0.76,1,2,2,,,,5,8,1.6,27,56,2.07,1,3,3,2,2,1,362,370,1.02,2,19,9.5,21,27,1.29,3,39,13,21,52,2.48,5,3,0.6,7,8,1.14,1,7,7,,,,184,"4,184.00",22.74
,29. Wanaparthy,2018 - 2019,,,,62,70,1.13,48,295,6.15,,,,"4,926.00","10,542.00",2.14,"21,732.00","67,456.00",3.1,79,131,1.66,10,65,6.5,176,167,0.95,29,845,29.14,"19,105.00","53,838.00",2.82,,,,,,,,,,29,151,5.21,"1,691.00","3,475.00",2.05,,,,,,,128,118,0.92,,,,,,,,,,,,,,,,8,5,0.63,4,4,1,,,,,,,,,
,,2019 - 2020,,,,1,1,1,,,,,,,"1,639.00","2,948.00",1.8,"17,556.00","53,489.00",3.05,96,204,2.13,153,"1,063.00",6.95,71,67,0.94,226,"7,741.00",34.25,"46,626.00","1,54,845.00",3.32,,,,3,2,0.67,1,2,2,,,,"2,406.00","4,475.00",1.86,,,,,,,365,548,1.5,33,20,0.61,,,,,,,,,,,,,49,43,0.88,8,13,1.63,,,,,,,,,
,,2020 - 2021,,,,19,21,1.11,24,143,5.96,,,,403,954,2.37,"13,550.00","30,331.00",2.24,81,205,2.53,119,936,7.87,133,127,0.95,235,"7,639.00",32.51,"58,935.00","2,22,656.00",3.78,,,,18,12,0.67,,,,,,,"7,502.00","14,516.00",1.93,,,,,,,63,20,0.32,17,6,0.35,,,,,,,,,,,,,18,31,1.72,28,36,1.29,,,,1,1,1,,,
,,2021 - 2022,,,,29,19,0.66,126,642,5.1,,,,676,"1,409.00",2.08,"12,756.00","31,724.00",2.49,51,101,1.98,107,477,4.46,135,129,0.96,42,984,23.43,"18,146.00","58,847.00",3.24,1,1,1,39,30,0.77,,,,,,,"13,441.00","24,422.00",1.82,3,6,2,,,,70,108,1.54,27,20,0.74,,,,6,10,1.67,,,,,,,48,39,0.81,70,132,1.89,,,,1,1,1,,,
,,2022 - 2023,,,,7,6,0.86,22,112,5.09,,,,"1,675.00","3,293.00",1.97,"9,174.00","27,439.00",2.99,82,169,2.06,461,"3,002.00",6.51,9,9,1,22,562,25.55,"66,100.00","2,19,122.00",3.32,,,,3,2,0.67,2,4,2,,,,"8,624.00","16,877.00",1.96,,,,,,,35,43,1.23,4,5,1.25,,,,4,5,1.25,,,,2,4,2,48,29,0.6,11,10,0.91,,,,3,3,1,,,
,30. Warangal,2018 - 2019,96,96,1,74,83,1.12,809,"4,364.00",5.39,,,,888,"1,393.00",1.57,"3,103.00","8,949.00",2.88,116,192,1.66,"16,340.00","1,43,580.00",8.79,260,246,0.95,301,"8,774.00",29.15,"16,052.00","55,347.00",3.45,,,,10,7,0.7,,,,3,8,2.67,113,167,1.48,,,,1,,0,,,,30,19,0.63,2,14,7,,,,,,,,,,,,,,,,8,51,6.38,,,,,,
,,2019 - 2020,68,63,0.93,47,46,0.98,"1,475.00","6,185.00",4.19,,,,423,647,1.53,"1,450.00","4,603.00",3.17,140,298,2.13,"44,730.00","3,05,842.00",6.84,253,240,0.95,148,"5,069.00",34.25,"36,696.00","1,38,784.00",3.78,,,,24,15,0.63,,,,,,,95,171,1.8,,,,1,1,1,,,,23,21,0.91,,,,,,,,,,,,,,,,,,,,,,,,,,,
,,2020 - 2021,48,286,5.96,232,253,1.09,968,"4,723.00",4.88,1,0,0,379,633,1.67,"1,959.00","5,053.00",2.58,119,299,2.51,"42,957.00","2,99,938.00",6.98,335,316,0.94,139,"4,519.00",32.51,"47,911.00","1,92,890.00",4.03,1,1,1,204,138,0.68,64,175,2.73,2,9,4.5,132,245,1.86,,,,,,,,,,62,35,0.56,,,,,,,,,,,,,,,,,,,,,,,,,,,
,,2021 - 2022,,,,253,104,0.41,758,704,0.93,,,,194,114,0.59,785,"1,876.00",2.39,209,196,0.94,"34,085.00","2,77,281.00",8.13,460,393,0.85,86,"2,015.00",23.43,"23,518.00","76,198.00",3.24,1,1,1,139,108,0.78,127,173,1.36,4,12,3,103,76,0.74,,,,,,,,,,26,19,0.73,,,,2,3,1.5,10,52,5.2,,,,1,1,1,,,,,,,,,,,,
,,2022 - 2023,,,,17,15,0.88,"2,163.00","4,410.00",2.04,,,,27,29,1.07,117,316,2.7,115,237,2.06,"35,781.00","2,15,831.00",6.03,33,30,0.91,42,"1,073.00",25.55,"45,564.00","1,61,114.00",3.54,1,1,1,10,8,0.8,10,19,1.9,2,4,2,8,13,1.63,,,,3,10,3.33,1,1,1,4,5,1.25,,,,1,1,1,2,12,6,117,474,4.05,,,,1,1,1,,,,,,,,,
,31. Warangal urban,2018 - 2019,,,,47,53,1.13,,,,1,2,2,313,491,1.57,440,"1,095.00",2.49,,,,"10,674.00","65,709.00",6.16,76,72,0.95,194,"5,655.00",29.15,"13,316.00","43,676.00",3.28,,,,,,,,,,,,,43,64,1.49,,,,,,,,,,,,,,,,,,,,,,,,,,,,,,,,,,,,,,,
,,2019 - 2020,,,,30,29,0.97,6,35,5.83,,,,229,350,1.53,716,"1,681.00",2.35,,,,"16,887.00","1,22,469.00",7.25,106,100,0.94,126,"4,316.00",34.25,"30,042.00","1,14,100.00",3.8,,,,11,7,0.64,,,,,,,67,121,1.81,,,,,,,,,,,,,,,,,,,,,,,,,,,,,,,,,,,,,,,
,,2020 - 2021,1,1,1,53,58,1.09,70,422,6.03,,,,135,227,1.68,599,"1,423.00",2.38,18,45,2.5,"12,689.00","98,013.00",7.72,45,43,0.96,97,"3,153.00",32.51,"42,981.00","1,58,127.00",3.68,,,,41,28,0.68,44,120,2.73,6,20,3.33,23,46,2,,,,,,,,,,19,15,0.79,,,,,,,,,,,,,10,16,1.6,,,,,,,,,,,,
,,2021 - 2022,,,,76,50,0.66,117,596,5.09,,,,166,82,0.49,810,613,0.76,10,20,2,"22,324.00","1,84,798.00",8.28,88,84,0.95,79,"1,851.00",23.43,"37,887.00","1,48,820.00",3.93,41,40,0.98,78,61,0.78,164,223,1.36,24,73,3.04,67,87,1.3,5,10,2,,,,,,,15,11,0.73,,,,16,28,1.75,18,115,6.39,,,,3,2,0.67,,,,,,,,,,,,
,,2022 - 2023,,,,11,10,0.91,198,"1,007.00",5.09,,,,22,44,2,127,185,1.46,1,2,2,"18,221.00","1,39,336.00",7.65,12,12,1,24,613,25.54,"54,186.00","2,09,375.00",3.86,7,6,0.86,5,4,0.8,45,84,1.87,11,25,2.27,8,13,1.63,1,2,2,1,3,3,,,,2,2,1,,,,2,3,1.5,,,,60,225,3.75,2,1,0.5,,,,,,,,,,,,
,32. Yadadri,2018 - 2019,,,,9,10,1.11,,,,,,,96,151,1.57,57,142,2.49,18,30,1.67,31,202,6.52,57,54,0.95,,,,"39,128.00","1,37,965.00",3.53,,,,2,1,0.5,,,,,,,46,68,1.48,,,,,,,,,,,,,,,,,,,,,,,,,87,55,0.63,,,,,,,6,6,1,,,
,,2019 - 2020,,,,3,3,1,2,12,6,,,,63,96,1.52,47,111,2.36,32,68,2.13,17,112,6.59,19,18,0.95,3,103,34.33,"80,400.00","2,85,581.00",3.55,,,,1,1,1,,,,,,,12,22,1.83,,,,,,,,,,,,,,,,,,,,,,,,,39,34,0.87,,,,,,,5,9,1.8,,,
,,2020 - 2021,1,1,1,4,4,1,35,211,6.03,,,,16,28,1.75,26,64,2.46,7,17,2.43,8,70,8.75,26,25,0.96,4,130,32.5,"99,697.00","3,57,713.00",3.59,1,1,1,4,3,0.75,,,,,,,15,29,1.93,1,3,3,,,,2,1,0.5,,,,,,,,,,,,,,,,12,20,1.67,,,,,,,,,,1,12,12
,,2021 - 2022,10,6,0.6,27,18,0.67,65,331,5.09,,,,112,158,1.41,757,"1,715.00",2.27,87,173,1.99,93,687,7.39,174,167,0.96,47,"1,101.00",23.43,"57,112.00","1,92,353.00",3.37,35,35,1,123,96,0.78,10,14,1.4,,,,"1,993.00","2,581.00",1.3,32,64,2,3,3,1,8,12,1.5,41,31,0.76,,,,2,3,1.5,,,,,,,60,49,0.82,,,,3,35,11.67,,,,3,72,24
,,2022 - 2023,11,7,0.64,2,2,1,29,147,5.07,,,,8,13,1.63,33,81,2.45,2,4,2,12,78,6.5,1,1,1,2,51,25.5,"1,17,706.00","4,12,913.00",3.51,8,7,0.88,11,8,0.73,,,,4,9,2.25,3,5,1.67,,,,,,,1,1,1,2,2,1,,,,,,,,,,13,41,3.15,10,6,0.6,,,,,,,,,,,,
